-- MySQL dump 10.13  Distrib 5.7.20, for Linux (x86_64)
--
-- Host: localhost    Database: balkonaa
-- ------------------------------------------------------
-- Server version	5.7.20

/*!40101 SET @OLD_CHARACTER_SET_CLIENT=@@CHARACTER_SET_CLIENT */;
/*!40101 SET @OLD_CHARACTER_SET_RESULTS=@@CHARACTER_SET_RESULTS */;
/*!40101 SET @OLD_COLLATION_CONNECTION=@@COLLATION_CONNECTION */;
/*!40101 SET NAMES utf8 */;
/*!40103 SET @OLD_TIME_ZONE=@@TIME_ZONE */;
/*!40103 SET TIME_ZONE='+00:00' */;
/*!40014 SET @OLD_UNIQUE_CHECKS=@@UNIQUE_CHECKS, UNIQUE_CHECKS=0 */;
/*!40014 SET @OLD_FOREIGN_KEY_CHECKS=@@FOREIGN_KEY_CHECKS, FOREIGN_KEY_CHECKS=0 */;
/*!40101 SET @OLD_SQL_MODE=@@SQL_MODE, SQL_MODE='NO_AUTO_VALUE_ON_ZERO' */;
/*!40111 SET @OLD_SQL_NOTES=@@SQL_NOTES, SQL_NOTES=0 */;

--
-- Table structure for table `blocks`
--

DROP TABLE IF EXISTS `blocks`;
/*!40101 SET @saved_cs_client     = @@character_set_client */;
/*!40101 SET character_set_client = utf8 */;
CREATE TABLE `blocks` (
  `id` int(10) unsigned NOT NULL AUTO_INCREMENT,
  `name` varchar(255) COLLATE utf8mb4_unicode_ci NOT NULL,
  `slug` varchar(255) COLLATE utf8mb4_unicode_ci NOT NULL,
  `type` varchar(255) COLLATE utf8mb4_unicode_ci NOT NULL,
  `limit` int(11) NOT NULL,
  `lang` varchar(255) COLLATE utf8mb4_unicode_ci NOT NULL,
  PRIMARY KEY (`id`),
  KEY `blocks_name_index` (`name`),
  KEY `blocks_slug_index` (`slug`),
  KEY `blocks_type_index` (`type`),
  KEY `blocks_limit_index` (`limit`),
  KEY `blocks_lang_index` (`lang`)
) ENGINE=InnoDB AUTO_INCREMENT=10 DEFAULT CHARSET=utf8mb4 COLLATE=utf8mb4_unicode_ci;
/*!40101 SET character_set_client = @saved_cs_client */;

--
-- Dumping data for table `blocks`
--

LOCK TABLES `blocks` WRITE;
/*!40000 ALTER TABLE `blocks` DISABLE KEYS */;
INSERT INTO `blocks` VALUES (1,'Is Featured - Appears as featured content','is-featured-appears-as-featured-content','post',15,'ar'),(2,'In Home - Appears in homepage','in-home-appears-in-homepage','post',15,'ar'),(3,'In Widget - Appears in sidebar','in-widget-appears-in-sidebar','post',50,'ar'),(4,'In Slider - Appears in homepage slider','in-slider-appears-in-homepage-slider','post',15,'ar'),(5,'In See More','in-see-more','post',15,'ar'),(6,'In News Bar','in-news-bar','post',15,'ar'),(7,'In Names in News','in-names-in-news','post',15,'ar'),(8,'Back To Writer','back-to-writer','post',15,'ar'),(9,'Main Home articles be side slider','main-home-articles-be-side-slider','post',15,'ar');
/*!40000 ALTER TABLE `blocks` ENABLE KEYS */;
UNLOCK TABLES;

--
-- Table structure for table `blocks_categories`
--

DROP TABLE IF EXISTS `blocks_categories`;
/*!40101 SET @saved_cs_client     = @@character_set_client */;
/*!40101 SET character_set_client = utf8 */;
CREATE TABLE `blocks_categories` (
  `block_id` int(11) NOT NULL,
  `category_id` int(11) NOT NULL,
  KEY `blocks_categories_block_id_index` (`block_id`),
  KEY `blocks_categories_category_id_index` (`category_id`)
) ENGINE=InnoDB DEFAULT CHARSET=utf8mb4 COLLATE=utf8mb4_unicode_ci;
/*!40101 SET character_set_client = @saved_cs_client */;

--
-- Dumping data for table `blocks_categories`
--

LOCK TABLES `blocks_categories` WRITE;
/*!40000 ALTER TABLE `blocks_categories` DISABLE KEYS */;
/*!40000 ALTER TABLE `blocks_categories` ENABLE KEYS */;
UNLOCK TABLES;

--
-- Table structure for table `blocks_tags`
--

DROP TABLE IF EXISTS `blocks_tags`;
/*!40101 SET @saved_cs_client     = @@character_set_client */;
/*!40101 SET character_set_client = utf8 */;
CREATE TABLE `blocks_tags` (
  `block_id` int(11) NOT NULL,
  `tag_id` int(11) NOT NULL,
  KEY `blocks_tags_block_id_index` (`block_id`),
  KEY `blocks_tags_tag_id_index` (`tag_id`)
) ENGINE=InnoDB DEFAULT CHARSET=utf8mb4 COLLATE=utf8mb4_unicode_ci;
/*!40101 SET character_set_client = @saved_cs_client */;

--
-- Dumping data for table `blocks_tags`
--

LOCK TABLES `blocks_tags` WRITE;
/*!40000 ALTER TABLE `blocks_tags` DISABLE KEYS */;
/*!40000 ALTER TABLE `blocks_tags` ENABLE KEYS */;
UNLOCK TABLES;

--
-- Table structure for table `categories`
--

DROP TABLE IF EXISTS `categories`;
/*!40101 SET @saved_cs_client     = @@character_set_client */;
/*!40101 SET character_set_client = utf8 */;
CREATE TABLE `categories` (
  `id` int(10) unsigned NOT NULL AUTO_INCREMENT,
  `parent` int(11) NOT NULL DEFAULT '0',
  `name` varchar(255) COLLATE utf8mb4_unicode_ci NOT NULL,
  `slug` varchar(255) COLLATE utf8mb4_unicode_ci NOT NULL,
  `color` varchar(255) COLLATE utf8mb4_unicode_ci DEFAULT NULL,
  `image_id` int(11) NOT NULL DEFAULT '0',
  `user_id` int(11) NOT NULL DEFAULT '0',
  `lang` varchar(255) COLLATE utf8mb4_unicode_ci NOT NULL,
  `status` varchar(255) COLLATE utf8mb4_unicode_ci NOT NULL DEFAULT '0',
  `created_at` timestamp NULL DEFAULT NULL,
  `updated_at` timestamp NULL DEFAULT NULL,
  PRIMARY KEY (`id`),
  KEY `categories_parent_index` (`parent`),
  KEY `categories_name_index` (`name`),
  KEY `categories_slug_index` (`slug`),
  KEY `categories_image_id_index` (`image_id`),
  KEY `categories_user_id_index` (`user_id`),
  KEY `categories_lang_index` (`lang`),
  KEY `categories_status_index` (`status`),
  KEY `categories_created_at_index` (`created_at`),
  KEY `categories_updated_at_index` (`updated_at`)
) ENGINE=InnoDB AUTO_INCREMENT=11 DEFAULT CHARSET=utf8mb4 COLLATE=utf8mb4_unicode_ci;
/*!40101 SET character_set_client = @saved_cs_client */;

--
-- Dumping data for table `categories`
--

LOCK TABLES `categories` WRITE;
/*!40000 ALTER TABLE `categories` DISABLE KEYS */;
INSERT INTO `categories` VALUES (1,0,'شوف الحياة','شوف-الحياة','#e1185e',0,1,'ar','1','2018-02-12 01:40:28','2018-02-18 12:04:50'),(2,0,'شوف زمان','شوف-زمان','#000000',0,1,'ar','1','2018-02-12 01:41:04','2018-02-18 12:29:44'),(3,0,'شوف الحادثة','شوف-الحادثة',NULL,0,1,'ar','1','2018-02-12 01:41:21','2018-02-12 01:41:21'),(4,0,'شوف الطبخ','شوف-الطبخ','#6a1b9a',0,1,'ar','1','2018-02-12 01:41:32','2018-02-18 12:04:21'),(5,0,'شوف الخبر','شوف-الخبر','#7a3c19',0,1,'ar','1','2018-02-12 01:41:52','2018-02-18 12:03:38'),(6,0,'شوف الفن','شوف-الفن','#d31014',0,1,'ar','1','2018-02-12 01:42:07','2018-02-18 12:02:46'),(7,0,'شوف الرياضة','شوف-الرياضة','#29cb5f',0,1,'ar','1','2018-02-12 01:42:30','2018-02-18 12:02:00'),(8,0,'أبيض وأسود','أبيض-وأسود','#df1515',0,1,'ar','1','2018-02-13 13:54:41','2018-02-18 11:55:21'),(9,0,'دكان الأخبار','دكان-الأخبار',NULL,0,1,'ar','1','2018-02-13 14:02:12','2018-02-13 14:02:12'),(10,0,'فى الشارع','فى-الشارع',NULL,0,1,'ar','1','2018-02-13 18:09:57','2018-02-13 18:09:57');
/*!40000 ALTER TABLE `categories` ENABLE KEYS */;
UNLOCK TABLES;

--
-- Table structure for table `galleries`
--

DROP TABLE IF EXISTS `galleries`;
/*!40101 SET @saved_cs_client     = @@character_set_client */;
/*!40101 SET character_set_client = utf8 */;
CREATE TABLE `galleries` (
  `id` int(10) unsigned NOT NULL AUTO_INCREMENT,
  `name` varchar(255) COLLATE utf8mb4_unicode_ci NOT NULL,
  `slug` varchar(255) COLLATE utf8mb4_unicode_ci NOT NULL,
  `author` varchar(255) COLLATE utf8mb4_unicode_ci DEFAULT NULL,
  `lang` varchar(255) COLLATE utf8mb4_unicode_ci NOT NULL,
  `user_id` int(11) NOT NULL DEFAULT '0',
  `created_at` timestamp NULL DEFAULT NULL,
  `updated_at` timestamp NULL DEFAULT NULL,
  PRIMARY KEY (`id`),
  KEY `galleries_name_index` (`name`),
  KEY `galleries_slug_index` (`slug`),
  KEY `galleries_author_index` (`author`),
  KEY `galleries_lang_index` (`lang`),
  KEY `galleries_user_id_index` (`user_id`),
  KEY `galleries_created_at_index` (`created_at`),
  KEY `galleries_updated_at_index` (`updated_at`)
) ENGINE=InnoDB AUTO_INCREMENT=13 DEFAULT CHARSET=utf8mb4 COLLATE=utf8mb4_unicode_ci;
/*!40101 SET character_set_client = @saved_cs_client */;

--
-- Dumping data for table `galleries`
--

LOCK TABLES `galleries` WRITE;
/*!40000 ALTER TABLE `galleries` DISABLE KEYS */;
INSERT INTO `galleries` VALUES (1,'صور المؤتمر الصحفي للمهرجان الاقصر السينمائي','صور-المؤتمر-الصحفي-للمهرجان-الاقصر-السينمائي',NULL,'en',1,'2018-02-19 19:09:02','2018-02-19 19:09:02'),(2,'صور عرض مسرحية اهلا رمضان','صور-عرض-مسرحية-اهلا-رمضان',NULL,'en',1,'2018-02-19 19:10:01','2018-02-19 19:10:01'),(3,'صور حفل next 2018','صور-حفل-next-2018',NULL,'en',1,'2018-02-19 19:11:31','2018-02-19 19:11:31'),(4,'خلافاَ للاعتقاد السائد فإن لوريم إيبسوم ليس نصاَ عشوائياً','خلافاَ للاعتقاد السائد فإن لوريم إيبسوم ليس نصاَ عشوائياً',NULL,'en',1,'2018-02-19 19:09:02','2018-02-19 19:09:02'),(5,'هامبدن-سيدني في فيرجينيا بالبحث عن أصول كلمة لاتينية غامضة في نص لوريم إيبسوم وهي \"','صور-عرض-مسرحية-اهلا-رمضانس',NULL,'en',1,'2018-02-19 19:10:01','2018-02-19 19:10:01'),(6,'هناك حقيقة مثبتة منذ زمن طويل وهي أن المحتوى المقروء لصفحة ما سيلهي','صور-حفل-next-20186',NULL,'en',1,'2018-02-19 19:11:31','2018-02-19 19:11:31'),(7,'خسائر اللازمة ومطالبة حدة بل. الآخر الحلفاء أن غزو','صور-المؤتمر-الصحفي-للمهرجاسن-الاقصر-السينمائي',NULL,'en',1,'2018-02-19 19:09:02','2018-02-19 19:09:02'),(8,'صور عرض مسرحية اهلا رمضان','صور-عرض-مسرحية-اهلا-رمضان',NULL,'en',1,'2018-02-19 19:10:01','2018-02-19 19:10:01'),(9,'قصف المسرح واستمر الاتحاد في, ذات أسيا للغزو، الخطّة و','صور-حفل-next-2018سس',NULL,'en',1,'2018-02-19 19:11:31','2018-02-19 19:11:31'),(10,'سيت يتبيرسبايكياتيس يوندي أومنيس أستي ناتيس','خلافاَ للاعتقاد السائد فإن لوريم إيبسوم ليسس نصاَ عشوائياً',NULL,'en',1,'2018-02-19 19:09:02','2018-02-19 19:09:02'),(11,'كونسيكيواتشر؟ كيوايس أيوتيم فيل أيوم أيوري ريبريهينديرايت كيواي ان إيا فوليوبتاتي','صور-عرض-يسمسرحية-اهلا-رمضانس',NULL,'en',1,'2018-02-19 19:10:01','2018-02-19 20:35:45'),(12,'؟ كيوايس أيوتيم فيل أيوم أيوري ريبريهين إيا فوليوبتاتي','صور-حفل-next-20186ييس',NULL,'en',1,'2018-02-19 19:11:31','2018-02-19 20:37:26');
/*!40000 ALTER TABLE `galleries` ENABLE KEYS */;
UNLOCK TABLES;

--
-- Table structure for table `galleries_media`
--

DROP TABLE IF EXISTS `galleries_media`;
/*!40101 SET @saved_cs_client     = @@character_set_client */;
/*!40101 SET character_set_client = utf8 */;
CREATE TABLE `galleries_media` (
  `gallery_id` int(11) NOT NULL,
  `media_id` int(11) NOT NULL,
  `order` int(11) NOT NULL DEFAULT '0',
  KEY `galleries_media_gallery_id_index` (`gallery_id`),
  KEY `galleries_media_media_id_index` (`media_id`),
  KEY `galleries_media_order_index` (`order`)
) ENGINE=InnoDB DEFAULT CHARSET=utf8mb4 COLLATE=utf8mb4_unicode_ci;
/*!40101 SET character_set_client = @saved_cs_client */;

--
-- Dumping data for table `galleries_media`
--

LOCK TABLES `galleries_media` WRITE;
/*!40000 ALTER TABLE `galleries_media` DISABLE KEYS */;
INSERT INTO `galleries_media` VALUES (1,21,0),(1,22,0),(1,23,0),(1,24,0),(1,25,0),(1,26,0),(1,27,0),(1,28,0),(2,19,0),(2,20,0),(2,18,0),(2,14,0),(2,15,0),(2,16,0),(2,17,0),(2,6,0),(2,7,0),(2,8,0),(3,9,0),(3,10,0),(3,11,0),(3,12,0),(3,13,0),(3,1,0),(3,2,0),(3,3,0),(3,4,0),(3,5,0),(4,21,0),(4,22,0),(4,23,0),(4,24,0),(4,25,0),(4,26,0),(4,27,0),(4,28,0),(5,19,0),(5,20,0),(5,17,0),(5,6,0),(5,11,0),(5,12,0),(5,13,0),(5,1,0),(5,2,0),(6,19,0),(6,15,0),(6,16,0),(6,9,0),(6,10,0),(6,12,0),(6,13,0),(6,1,0),(6,2,0),(7,14,0),(7,10,0),(7,12,0),(7,13,0),(7,1,0),(7,2,0),(8,15,0),(8,11,0),(8,12,0),(8,13,0),(8,1,0),(8,2,0),(9,15,0),(9,16,0),(9,17,0),(9,6,0),(9,9,0),(9,10,0),(9,11,0),(9,12,0),(9,13,0),(9,2,0),(9,3,0),(10,18,0),(10,14,0),(10,15,0),(10,17,0),(10,10,0),(10,11,0),(10,12,0),(10,13,0),(10,1,0),(10,2,0),(11,16,0),(11,9,0),(11,10,0),(11,11,0),(11,12,0),(11,13,0),(11,1,0),(11,2,0),(11,3,0),(11,4,0),(12,15,0),(12,16,0),(12,9,0),(12,10,0),(12,11,0),(12,12,0),(12,1,0),(12,2,0),(12,3,0);
/*!40000 ALTER TABLE `galleries_media` ENABLE KEYS */;
UNLOCK TABLES;

--
-- Table structure for table `media`
--

DROP TABLE IF EXISTS `media`;
/*!40101 SET @saved_cs_client     = @@character_set_client */;
/*!40101 SET character_set_client = utf8 */;
CREATE TABLE `media` (
  `id` int(10) unsigned NOT NULL AUTO_INCREMENT,
  `type` varchar(50) COLLATE utf8mb4_unicode_ci DEFAULT NULL,
  `path` varchar(255) COLLATE utf8mb4_unicode_ci DEFAULT NULL,
  `title` varchar(255) COLLATE utf8mb4_unicode_ci DEFAULT NULL,
  `description` text COLLATE utf8mb4_unicode_ci,
  `provider` varchar(50) COLLATE utf8mb4_unicode_ci DEFAULT NULL,
  `provider_id` varchar(255) COLLATE utf8mb4_unicode_ci DEFAULT NULL,
  `provider_image` varchar(255) COLLATE utf8mb4_unicode_ci DEFAULT NULL,
  `user_id` int(11) NOT NULL DEFAULT '0',
  `length` int(11) DEFAULT NULL,
  `hash` varchar(255) COLLATE utf8mb4_unicode_ci DEFAULT NULL,
  `created_at` timestamp NULL DEFAULT NULL,
  `updated_at` timestamp NULL DEFAULT NULL,
  PRIMARY KEY (`id`),
  KEY `media_type_index` (`type`),
  KEY `media_path_index` (`path`),
  KEY `media_title_index` (`title`),
  KEY `media_provider_index` (`provider`),
  KEY `media_provider_id_index` (`provider_id`),
  KEY `media_provider_image_index` (`provider_image`),
  KEY `media_user_id_index` (`user_id`),
  KEY `media_length_index` (`length`),
  KEY `media_hash_index` (`hash`),
  KEY `media_created_at_index` (`created_at`),
  KEY `media_updated_at_index` (`updated_at`)
) ENGINE=InnoDB AUTO_INCREMENT=36 DEFAULT CHARSET=utf8mb4 COLLATE=utf8mb4_unicode_ci;
/*!40101 SET character_set_client = @saved_cs_client */;

--
-- Dumping data for table `media`
--

LOCK TABLES `media` WRITE;
/*!40000 ALTER TABLE `media` DISABLE KEYS */;
INSERT INTO `media` VALUES (1,'image','2018/02/963113258932258882.jpg','1489185106-desert',NULL,'',NULL,NULL,1,NULL,'84a60c5aa19441caa5fca41e79a77a9b8adbd393','2018-02-15 11:31:46','2018-02-15 11:31:46'),(2,'image','2018/02/2598690149514268040.jpg','interview1',NULL,'',NULL,NULL,1,NULL,'15c7951df2dc1b3d2789dc1319d4845985f2beba','2018-02-15 11:31:46','2018-02-15 11:31:46'),(3,'image','2018/02/1798777371478179386.jpg','1495122990-image14018',NULL,'',NULL,NULL,1,NULL,'f8c8ecabbfbf0f4ebf24cf68cd00d145cca78249','2018-02-15 11:31:46','2018-02-15 11:31:46'),(4,'image','2018/02/3180147746935703824.jpg','1495114709-18386850_10156272731323975_1099252912_n',NULL,'',NULL,NULL,1,NULL,'993a536c029070a55cefbf2b8c1b78d912c5357f','2018-02-15 11:31:46','2018-02-15 11:31:46'),(5,'image','2018/02/774698243173332996.jpeg','images',NULL,'',NULL,NULL,1,NULL,'9d2ef43742267714488945b77327a94a7760edcf','2018-02-15 11:31:46','2018-02-15 11:31:46'),(6,'image','2018/02/2575329217353255148.jpg','1489180750-6d34a39944661.560dcd973eb8c',NULL,'',NULL,NULL,1,NULL,'4fd3ade723767d11e90cb68934e605d24bb0c124','2018-02-15 11:31:47','2018-02-15 11:31:47'),(7,'image','2018/02/2949885345951250506.jpg','1489158174-penguins',NULL,'',NULL,NULL,1,NULL,'73f7a42f71fdabc9e84719b17f1a588d39371558','2018-02-15 11:31:47','2018-02-15 11:31:47'),(8,'image','2018/02/1311135725861801163.jpg','1489166105-fadbe89944241.560dcd5506edd',NULL,'',NULL,NULL,1,NULL,'8ca0bfee897be8ce9a7d759109155fb72723fdf2','2018-02-15 11:31:47','2018-02-15 11:31:47'),(9,'image','2018/02/2433466817525096880.jpg','1489064090-03',NULL,'',NULL,NULL,1,NULL,'8409a98d68bed1360827c49021950f387890867f','2018-02-15 11:31:47','2018-02-15 11:31:47'),(10,'image','2018/02/2982913234077060670.jpg','1489017652-penguins',NULL,'',NULL,NULL,1,NULL,'73f7a42f71fdabc9e84719b17f1a588d39371558','2018-02-15 11:31:47','2018-02-15 11:31:47'),(11,'image','2018/02/1929398334823732593.png','1495728410-picture1',NULL,'',NULL,NULL,1,NULL,'942a10c7eae631e7cf4f86231ff3c7a865c1d17b','2018-02-15 11:31:47','2018-02-15 11:31:47'),(12,'image','2018/02/2070323408787487038.jpg','1489017513-koala',NULL,'',NULL,NULL,1,NULL,'c8fac2059c75e8b74a89eeba495096d92a81a34d','2018-02-15 11:31:47','2018-02-15 11:31:47'),(13,'image','2018/02/2853518545929051087.jpg','1488985503-cooking-range-1280x640',NULL,'',NULL,NULL,1,NULL,'87a8247f3ea29af5af8c64942ec371471cda43cc','2018-02-15 11:31:47','2018-02-15 11:31:47'),(14,'image','2018/02/2379031894619291897.jpg','1486982448-mgid-ao-image-mtv_1',NULL,'',NULL,NULL,1,NULL,'1d5fe48d6bebf109bdde5d5c0c696e771b231334','2018-02-15 11:31:48','2018-02-15 11:31:48'),(15,'image','2018/02/3022007750023255639.jpg','1488459143-yyy_yyyyy_yyyyy_yyyy_yyyy_4',NULL,'',NULL,NULL,1,NULL,'a82e808ae776d05073c6bbcbc64e3b458c353cb1','2018-02-15 11:31:48','2018-02-15 11:31:48'),(16,'image','2018/02/2917188975579546060.jpg','1484843148-loslos2',NULL,'',NULL,NULL,1,NULL,'50155a5e1820e45f8f9ed3b7ca3e51306a248f84','2018-02-15 11:31:48','2018-02-15 11:31:48'),(17,'image','2018/02/178457310899414064.jpg','1484841325-ruby',NULL,'',NULL,NULL,1,NULL,'738106be7bdeb51453d1e279a0d55b8a7c0ee621','2018-02-15 11:31:48','2018-02-15 11:31:48'),(18,'image','2018/02/701122494806373867.jpeg','1493567081-05',NULL,'',NULL,NULL,1,NULL,'4806ab1c0d9fbdfb37aaf69a8bc28923c6780e60','2018-02-18 18:05:21','2018-02-18 18:05:21'),(19,'image','2018/02/838677374298398960.jpg','1489596789-uploads-feedbackimages-1481127642-picture_20_life',NULL,'',NULL,NULL,1,NULL,'03f269f45573badc16695dc19d17e4fb29da9c00','2018-02-18 18:09:05','2018-02-18 18:09:05'),(20,'image','2018/02/302362913159277295.jpg','1493566085-hydrangeas',NULL,'',NULL,NULL,1,NULL,'f53e6ebb0c18ffc9c69f042ef3628af7d6f31a0e','2018-02-18 18:09:05','2018-02-18 18:09:05'),(21,'image','2018/02/1943240743088651242.jpeg','1488994334-pexels-photo-299348',NULL,'',NULL,NULL,1,NULL,'0000634e3ebb293948f52110a09dcdcbcfbe450d','2018-02-18 18:19:43','2018-02-18 18:19:43'),(22,'image','2018/02/3242960057345116680.jpeg','1488994332-pexels-photo-241556',NULL,'',NULL,NULL,1,NULL,'eeb7227c7c9b508b7faa1ecbd2338005c9b95a8a','2018-02-18 18:19:43','2018-02-18 18:19:43'),(23,'image','2018/02/510947232832360359.jpeg','1488994336-pexels-photo-265393',NULL,'',NULL,NULL,1,NULL,'9021160dd03412a57dd5b933c5f8f8e35ca9dfc8','2018-02-18 18:19:43','2018-02-18 18:19:43'),(24,'image','2018/02/1774158388957045678.jpeg','1488994338-pexels-photo-55636',NULL,'',NULL,NULL,1,NULL,'2c6a121bcf245043f9295fcd38c13f9d33aee72a','2018-02-18 18:19:43','2018-02-18 18:19:43'),(25,'image','2018/02/1039960689103042080.jpeg','1488994340-pexels-photo-60287',NULL,'',NULL,NULL,1,NULL,'7bee8244ed7208297edba295d1c724669b71630a','2018-02-18 18:19:43','2018-02-18 18:19:43'),(26,'image','2018/02/829271495874965452.jpeg','1488994342-pexels-photo-64208',NULL,'',NULL,NULL,1,NULL,'b12b16589afcf4e0691bf83bcb00b266cbb0bbfc','2018-02-18 18:19:43','2018-02-18 18:19:43'),(27,'image','2018/02/2791406722490642832.jpg','1489936787-01',NULL,'',NULL,NULL,1,NULL,'6c4886240c42e5ebd7b28559ffc65240db1454ad','2018-02-18 18:19:43','2018-02-18 18:19:43'),(28,'image','2018/02/1020078915333576981.jpeg','1488994344-pexels-photo-236798',NULL,'',NULL,NULL,1,NULL,'94f8164703a13e9983d5748d2d3e4a0e3e50cf5d','2018-02-18 18:19:43','2018-02-18 18:19:43'),(30,'video','https://www.youtube.com/embed/jssO8-5qmag','Amazing LG OLED 4K Demo Video [4K]','Great demo video by LG to test your 4K screens and watch this Paris demo.\n\nCreate money from My Cashware with your PC:  http://mycashware.com/?r=11387\nBitcoin mining: https://www.genesis-mining.com/\n\n\nSubscribe!\n\nThis video has been published under the terms of the Creative Commons License.\"\nAll rights owned by LG and LG Electronics\n\nThank you!','youtube','jssO8-5qmag','https://i.ytimg.com/vi/jssO8-5qmag/0.jpg',1,77,NULL,'2018-02-19 18:58:30','2018-02-19 18:58:30'),(33,'video','https://www.youtube.com/embed/3xGJZoaTODQ','2018 Best 4K High Resolution Beautiful TV Test Demo - Sony, Samsung, Vizio & LG','4K UHD & HD 60p stock footage highlights of nature, people, world travel, tourism destinations available at https://stockfootage.com\n\nTo purchase this compilation or licensing please contact: sales@stockfootage.com \n\nThe music can be licensed directly from: https://www.5alarmmusic.com or by contacting JD Adams at jdadams@5alarmmusic.com\n\nMusic Tracks:\nCTM008_34_LandofCourage\nLH5034_TK37_Imagine\nBoostTV_017_TK42_High_Flyers\nCOMO58_030_Human History\n\nLocations include: China, San Francisco, New York, Grand Canyon, West Yellowstone and Utah\n\nFor more amazing HD & 4K video compilations please visit and follow our YouTube channel: https://youtu.be/0vrdgDdPApQ\n\nHave you ever seen 8K UHD video? Here is a link to a beautiful Rio de Janeiro, Brazil video shot and uploaded in 8K UHD, enjoy!: https://www.youtube.com/watch?v=qut_G... \n\nThere is a good chance you have already seen some of our footage when you have been shopping for a 4K Ultra HD TV at retail stores. Many of the largest TV manufacturers are currently using our footage for promotion and testing purposes. This video provides an excellent example for you to watch on your new TV while testing different resolutions for comparison as well as monitoring download times from your internet provider.\n\n4K televisions are the next generation TVs and they have recently dramatically dropped in price and are now very affordable. The biggest problems a new owner will have is finding 4K content to watch and learning about the download time restrictions. YouTube is a great place to get free high quality content and to try out your new TV. Please visit our YouTube channel listed above for more beautiful 4K Ultra HD video content.\n\nThis video compilation is a small collection from our stock footage library that showcases a variety of footage shot and created by the award winning team of specialized cinematographers, colorists, and vfx artists from http://www.CreativeMediaGroup.com. It was shot primarily with a RED Epic camera and Canon 5D Mark IV for timelapse. \n\nOur media team has shot and produced footage from many amazing locations around the world. Let our cinematographers shoot your next project. For more information please contact: john@creativemediagroup.com\n\nLet’s connect!\nhttps://instagram.com/stockfootageinc\nhttps://www.facebook.com/stockfootageinc\nhttps://www.flickr.com/photos/stockfo...\nhttps://500px.com/stockfootage\nhttps://twitter.com/stockfootageinc\n\nCreative Media Group, Inc.\nhttps://www.facebook.com/creativemedi...\nhttp://www.creativemediagroup.com\nhttps://vimeo.com/channels/creativeme...\n\nExecutive producer\nJohn Farr','youtube','3xGJZoaTODQ','https://i.ytimg.com/vi/3xGJZoaTODQ/0.jpg',1,371,NULL,'2018-02-19 19:04:52','2018-02-19 19:04:52'),(34,'image','2018/02/2340747805710974185.jpg','1519557550-yyyyyy',NULL,'',NULL,NULL,1,NULL,'7999f0509dc698ad7e1332ac3de9f80b8af23a9e','2018-02-27 16:28:17','2018-02-27 16:28:17'),(35,'image','2018/02/2907003802107632616.jpg','images',NULL,'',NULL,NULL,1,NULL,'326ae13a5de210992f79e48b3cd738972c393e8a','2018-02-27 16:45:09','2018-02-27 16:45:09');
/*!40000 ALTER TABLE `media` ENABLE KEYS */;
UNLOCK TABLES;

--
-- Table structure for table `migrations`
--

DROP TABLE IF EXISTS `migrations`;
/*!40101 SET @saved_cs_client     = @@character_set_client */;
/*!40101 SET character_set_client = utf8 */;
CREATE TABLE `migrations` (
  `id` int(10) unsigned NOT NULL AUTO_INCREMENT,
  `migration` varchar(255) COLLATE utf8mb4_unicode_ci NOT NULL,
  `batch` int(11) NOT NULL,
  PRIMARY KEY (`id`)
) ENGINE=InnoDB AUTO_INCREMENT=25 DEFAULT CHARSET=utf8mb4 COLLATE=utf8mb4_unicode_ci;
/*!40101 SET character_set_client = @saved_cs_client */;

--
-- Dumping data for table `migrations`
--

LOCK TABLES `migrations` WRITE;
/*!40000 ALTER TABLE `migrations` DISABLE KEYS */;
INSERT INTO `migrations` VALUES (1,'2014_10_12_000000_create_users_table',1),(2,'2014_10_12_100000_create_password_resets_table',1),(3,'2016_05_21_085608_create_options_table',2),(4,'2016_05_21_094053_create_media_table',3),(5,'2016_05_21_095017_create_galleries_table',4),(6,'2016_05_21_095240_create_galleries_media_table',4),(7,'2014_10_12_000000_make_users_table',5),(8,'2016_05_18_163151_create_roles_table',6),(9,'2016_05_23_152047_create_role_permissions',6),(10,'2016_05_21_100944_create_categories_table',7),(11,'2016_05_21_100046_create_tags_table',8),(12,'2016_05_21_100046_create_blocks_table',9),(13,'2016_06_13_101314_create_blocks_tags_table',9),(14,'2016_06_13_101416_create_blocks_categories_table',9),(15,'2016_06_13_104109_create_blocks_posts_table',9),(16,'2016_05_19_101229_create_posts_table',10),(17,'2016_05_26_101230_create_posts_categories_table',10),(18,'2016_05_26_101230_create_posts_tags_table',10),(19,'2016_05_26_101231_create_posts_galleries_table',10),(20,'2016_06_22_124405_create_posts_meta_table',10),(21,'2018_02_12_100638_related_post',11),(22,'2016_06_12_004838_create_navigations_table',12),(23,'2018_01_17_165402_create_places_table',13),(24,'2017_03_26_122401_create_seo_table',14);
/*!40000 ALTER TABLE `migrations` ENABLE KEYS */;
UNLOCK TABLES;

--
-- Table structure for table `navigations`
--

DROP TABLE IF EXISTS `navigations`;
/*!40101 SET @saved_cs_client     = @@character_set_client */;
/*!40101 SET character_set_client = utf8 */;
CREATE TABLE `navigations` (
  `id` int(10) unsigned NOT NULL AUTO_INCREMENT,
  `name` varchar(255) COLLATE utf8mb4_unicode_ci NOT NULL,
  `link` varchar(255) COLLATE utf8mb4_unicode_ci DEFAULT NULL,
  `parent` int(11) NOT NULL DEFAULT '0',
  `order` int(11) NOT NULL DEFAULT '0',
  `type` varchar(255) COLLATE utf8mb4_unicode_ci DEFAULT NULL,
  `type_id` int(11) NOT NULL DEFAULT '0',
  `image_id` int(11) NOT NULL DEFAULT '0',
  `menu` int(11) NOT NULL DEFAULT '0',
  `lang` varchar(255) COLLATE utf8mb4_unicode_ci NOT NULL,
  `created_at` timestamp NULL DEFAULT NULL,
  `updated_at` timestamp NULL DEFAULT NULL,
  PRIMARY KEY (`id`),
  KEY `navigations_name_index` (`name`),
  KEY `navigations_link_index` (`link`),
  KEY `navigations_type_index` (`type`),
  KEY `navigations_type_id_index` (`type_id`),
  KEY `navigations_image_id_index` (`image_id`),
  KEY `navigations_menu_index` (`menu`),
  KEY `navigations_lang_index` (`lang`),
  KEY `navigations_created_at_index` (`created_at`),
  KEY `navigations_updated_at_index` (`updated_at`)
) ENGINE=InnoDB AUTO_INCREMENT=49 DEFAULT CHARSET=utf8mb4 COLLATE=utf8mb4_unicode_ci;
/*!40101 SET character_set_client = @saved_cs_client */;

--
-- Dumping data for table `navigations`
--

LOCK TABLES `navigations` WRITE;
/*!40000 ALTER TABLE `navigations` DISABLE KEYS */;
INSERT INTO `navigations` VALUES (1,'main',NULL,0,0,NULL,0,0,0,'ar','2018-02-13 13:32:06','2018-02-13 13:32:06'),(2,'footer',NULL,0,0,NULL,0,0,0,'ar','2018-02-13 13:32:17','2018-02-13 13:32:17'),(11,'الرئيسية','/',0,0,'url',0,0,2,'ar','2018-02-13 14:06:17','2018-02-13 14:06:17'),(12,'دكان الأخبار','',0,1,'category',9,0,2,'ar','2018-02-13 14:06:18','2018-02-13 14:06:18'),(13,'شوف الرياضة','',0,2,'category',7,0,2,'ar','2018-02-13 14:06:18','2018-02-13 14:06:18'),(14,'شوف الفن','',0,3,'category',6,0,2,'ar','2018-02-13 14:06:19','2018-02-13 14:06:19'),(15,'شوف الحادثة','',0,4,'category',3,0,2,'ar','2018-02-13 14:06:19','2018-02-13 14:06:19'),(16,'شوف الطبخ','',0,5,'category',4,0,2,'ar','2018-02-13 14:06:20','2018-02-13 14:06:20'),(17,'شوف الحياة','',0,6,'category',1,0,2,'ar','2018-02-13 14:06:20','2018-02-13 14:06:20'),(18,'أبيض وأسود','',0,7,'category',8,0,2,'ar','2018-02-13 14:06:20','2018-02-13 14:06:20'),(39,'الرئيسية','/',0,0,'url',0,0,1,'ar','2018-02-22 13:34:09','2018-02-22 13:34:09'),(40,'شوف زمان','',0,1,'category',2,0,1,'ar','2018-02-22 13:34:09','2018-02-22 13:34:09'),(41,'فيديوهات','/media/videos',0,2,'url',0,0,1,'ar','2018-02-22 13:34:09','2018-02-22 13:34:09'),(42,'صور','/media/albums',0,3,'url',0,0,1,'ar','2018-02-22 13:34:09','2018-02-22 13:34:09'),(43,'دكان الأخبار','',0,4,'category',9,0,1,'ar','2018-02-22 13:34:09','2018-02-22 13:34:09'),(44,'شوف الرياضة','',0,5,'category',7,0,1,'ar','2018-02-22 13:34:09','2018-02-22 13:34:09'),(45,'شوف الفن','',0,6,'category',6,0,1,'ar','2018-02-22 13:34:09','2018-02-22 13:34:09'),(46,'شوف الطبخ','',0,7,'category',4,0,1,'ar','2018-02-22 13:34:09','2018-02-22 13:34:09'),(47,'شوف الحياة','',0,8,'category',1,0,1,'ar','2018-02-22 13:34:09','2018-02-22 13:34:09'),(48,'أبيض وأسود','',0,9,'category',8,0,1,'ar','2018-02-22 13:34:09','2018-02-22 13:34:09');
/*!40000 ALTER TABLE `navigations` ENABLE KEYS */;
UNLOCK TABLES;

--
-- Table structure for table `options`
--

DROP TABLE IF EXISTS `options`;
/*!40101 SET @saved_cs_client     = @@character_set_client */;
/*!40101 SET character_set_client = utf8 */;
CREATE TABLE `options` (
  `id` int(10) unsigned NOT NULL AUTO_INCREMENT,
  `name` varchar(255) COLLATE utf8mb4_unicode_ci NOT NULL,
  `value` text COLLATE utf8mb4_unicode_ci,
  `lang` text COLLATE utf8mb4_unicode_ci,
  PRIMARY KEY (`id`),
  KEY `options_name_index` (`name`)
) ENGINE=InnoDB AUTO_INCREMENT=25 DEFAULT CHARSET=utf8mb4 COLLATE=utf8mb4_unicode_ci;
/*!40101 SET character_set_client = @saved_cs_client */;

--
-- Dumping data for table `options`
--

LOCK TABLES `options` WRITE;
/*!40000 ALTER TABLE `options` DISABLE KEYS */;
INSERT INTO `options` VALUES (1,'media_allowed_file_types','jpg,png,jpeg,bmp,gif,zip,doc,docx,rar,zip,pdf,txt,csv,xls',NULL),(2,'media_max_file_size','512000',NULL),(3,'media_max_width','2500',NULL),(4,'media_thumbnails','0',NULL),(5,'media_resize_mode','resize',NULL),(6,'media_resize_background_color','#ffffff',NULL),(7,'media_resize_gradient_first_color','#ffffff',NULL),(8,'media_resize_gradient_second_color','#000000',NULL),(9,'site_name','بلكونة','ar'),(10,'site_slogan','إحنا موقع إخباري بيشوف الدنيا بعيون مصرية، ومش بس بتوع أخبار، إحنا أساسا بتوع فيديوهات وصور، هاننقلك   الدنيا وأنت واقف في \"بلكونة\" بنقدم لك صحافة حلوة بروح شابة، وبنكره النكد والأخبار المزعجة، وبنهتم بس    باللي يهمك ويبسطك.','ar'),(11,'site_email','dot@platform.com',NULL),(12,'site_copyrights','All rights reserved','ar'),(13,'site_timezone','Etc/GMT',NULL),(14,'site_date_format','relative',NULL),(15,'site_status','1',NULL),(16,'site_offline_message',NULL,'ar'),(17,'site_locale','ar',NULL),(18,'facebook_page','https://www.facebook.com/balkoona/',NULL),(19,'twitter_page','https://twitter.com/balakonanews',NULL),(20,'googleplus_page',NULL,NULL),(21,'youtube_page','https://www.youtube.com/?gl=EG',NULL),(22,'instagram_page','https://www.instagram.com/balkonagate/',NULL),(23,'soundcloud_page',NULL,NULL),(24,'linkedin_page',NULL,NULL);
/*!40000 ALTER TABLE `options` ENABLE KEYS */;
UNLOCK TABLES;

--
-- Table structure for table `password_resets`
--

DROP TABLE IF EXISTS `password_resets`;
/*!40101 SET @saved_cs_client     = @@character_set_client */;
/*!40101 SET character_set_client = utf8 */;
CREATE TABLE `password_resets` (
  `email` varchar(255) COLLATE utf8mb4_unicode_ci NOT NULL,
  `token` varchar(255) COLLATE utf8mb4_unicode_ci NOT NULL,
  `created_at` timestamp NULL DEFAULT NULL,
  KEY `password_resets_email_index` (`email`)
) ENGINE=InnoDB DEFAULT CHARSET=utf8mb4 COLLATE=utf8mb4_unicode_ci;
/*!40101 SET character_set_client = @saved_cs_client */;

--
-- Dumping data for table `password_resets`
--

LOCK TABLES `password_resets` WRITE;
/*!40000 ALTER TABLE `password_resets` DISABLE KEYS */;
/*!40000 ALTER TABLE `password_resets` ENABLE KEYS */;
UNLOCK TABLES;

--
-- Table structure for table `places`
--

DROP TABLE IF EXISTS `places`;
/*!40101 SET @saved_cs_client     = @@character_set_client */;
/*!40101 SET character_set_client = utf8 */;
CREATE TABLE `places` (
  `id` int(10) unsigned NOT NULL AUTO_INCREMENT,
  `parent` int(11) DEFAULT NULL,
  `code` varchar(10) COLLATE utf8mb4_unicode_ci DEFAULT NULL,
  `name` json DEFAULT NULL,
  `lat` varchar(200) COLLATE utf8mb4_unicode_ci DEFAULT NULL,
  `lng` varchar(200) COLLATE utf8mb4_unicode_ci DEFAULT NULL,
  `currency` json DEFAULT NULL,
  `image_id` int(11) DEFAULT NULL,
  `status` tinyint(4) DEFAULT NULL,
  PRIMARY KEY (`id`),
  KEY `parent` (`parent`),
  KEY `code` (`code`),
  KEY `status` (`status`)
) ENGINE=InnoDB DEFAULT CHARSET=utf8mb4 COLLATE=utf8mb4_unicode_ci;
/*!40101 SET character_set_client = @saved_cs_client */;

--
-- Dumping data for table `places`
--

LOCK TABLES `places` WRITE;
/*!40000 ALTER TABLE `places` DISABLE KEYS */;
/*!40000 ALTER TABLE `places` ENABLE KEYS */;
UNLOCK TABLES;

--
-- Table structure for table `posts`
--

DROP TABLE IF EXISTS `posts`;
/*!40101 SET @saved_cs_client     = @@character_set_client */;
/*!40101 SET character_set_client = utf8 */;
CREATE TABLE `posts` (
  `id` int(10) unsigned NOT NULL AUTO_INCREMENT,
  `title` varchar(255) COLLATE utf8mb4_unicode_ci NOT NULL,
  `slug` varchar(255) COLLATE utf8mb4_unicode_ci NOT NULL,
  `excerpt` varchar(255) COLLATE utf8mb4_unicode_ci DEFAULT NULL,
  `content` text COLLATE utf8mb4_unicode_ci,
  `image_id` int(11) NOT NULL DEFAULT '0',
  `media_id` int(11) NOT NULL DEFAULT '0',
  `user_id` int(11) NOT NULL DEFAULT '0',
  `status` int(11) NOT NULL DEFAULT '0',
  `format` varchar(255) COLLATE utf8mb4_unicode_ci NOT NULL DEFAULT 'post',
  `lang` varchar(255) COLLATE utf8mb4_unicode_ci DEFAULT NULL,
  `views` varchar(255) COLLATE utf8mb4_unicode_ci NOT NULL DEFAULT '0',
  `created_at` timestamp NULL DEFAULT NULL,
  `updated_at` timestamp NULL DEFAULT NULL,
  `published_at` timestamp NULL DEFAULT NULL,
  PRIMARY KEY (`id`),
  UNIQUE KEY `posts_slug_unique` (`slug`),
  KEY `posts_title_index` (`title`),
  KEY `posts_excerpt_index` (`excerpt`),
  KEY `posts_image_id_index` (`image_id`),
  KEY `posts_media_id_index` (`media_id`),
  KEY `posts_user_id_index` (`user_id`),
  KEY `posts_status_index` (`status`),
  KEY `posts_format_index` (`format`),
  KEY `posts_lang_index` (`lang`),
  KEY `posts_views_index` (`views`),
  KEY `posts_created_at_index` (`created_at`),
  KEY `posts_updated_at_index` (`updated_at`),
  KEY `posts_published_at_index` (`published_at`)
) ENGINE=InnoDB AUTO_INCREMENT=116 DEFAULT CHARSET=utf8mb4 COLLATE=utf8mb4_unicode_ci;
/*!40101 SET character_set_client = @saved_cs_client */;

--
-- Dumping data for table `posts`
--

LOCK TABLES `posts` WRITE;
/*!40000 ALTER TABLE `posts` DISABLE KEYS */;
INSERT INTO `posts` VALUES (1,'Proin eget tortor risus.','proin-eget-tortor-risus','Aspect','<p style=\"text-align: right;\">Vestibulum ac diam sit amet quam vehicula elementum sed sit amet dui. Mauris blandit aliquet elit, eget tincidunt nibh pulvinar a. Vestibulum ac diam sit amet quam vehicula elementum sed sit amet dui. Vivamus suscipit tortor eget felis porttitor volutpat. Lorem ipsum dolor sit amet, consectetur adipiscing elit. Praesent sapien massa, convallis a pellentesque nec, egestas non nisi. Vivamus suscipit tortor eget felis porttitor volutpat.</p>\r\n\r\n<p style=\"text-align: right;\">Mauris blandit aliquet elit, eget tincidunt nibh pulvinar a. Cras ultricies ligula sed magna dictum porta. Nulla porttitor accumsan tincidunt. Donec rutrum congue leo eget malesuada. Sed porttitor lectus nibh. Proin eget tortor risus. Vestibulum ante ipsum primis in faucibus orci luctus et ultrices posuere cubilia Curae; Donec velit neque, auctor sit amet aliquam vel, ullamcorper sit amet ligula.</p>\r\n\r\n<p style=\"text-align: right;\">Curabitur aliquet quam id dui posuere blandit. Pellentesque in ipsum id orci porta dapibus. Curabitur arcu erat, accumsan id imperdiet et, porttitor at sem. Cras ultricies ligula sed magna dictum porta. Lorem ipsum dolor sit amet, consectetur adipiscing elit. Pellentesque in ipsum id orci porta dapibus. Vivamus magna justo, lacinia eget consectetur sed, convallis at tellus.</p>\r\n\r\n<p style=\"text-align: right;\">Nulla porttitor accumsan tincidunt. Praesent sapien massa, convallis a pellentesque nec, egestas non nisi. Lorem ipsum dolor sit amet, consectetur adipiscing elit. Pellentesque in ipsum id orci porta dapibus. Vivamus suscipit tortor eget felis porttitor volutpat. Donec rutrum congue leo eget malesuada. Pellentesque in ipsum id orci porta dapibus.</p>',5,0,1,1,'post','ar','58','2018-02-13 10:23:47','2018-02-24 04:27:25','2018-02-13 10:23:06'),(2,'ما هو لوريم ايبسوم','ما-هو-لوريم-ايبسوم','وريم ايبسوم هو نموذج افتراضي يوضع في التصاميم لتعرض على العميل ليتصور طريقه وضع النصوص بالتصاميم سواء كانت تصاميم مطبوعه ... بروشور او فلاير على سبيل المثال ... او نماذج مواقع انترنت','<p dir=\"rtl\" style=\"margin: 0px 0px 10px; color: rgb(66, 66, 66); font-family: tahoma, sans-serif; font-size: 14px;\">وعند موافقه العميل المبدئيه على التصميم يتم ازالة هذا النص من التصميم ويتم وضع النصوص النهائية المطلوبة للتصميم ويقول البعض ان وضع النصوص التجريبية بالتصميم قد تشغل المشاهد عن وضع الكثير من الملاحظات او الانتقادات للتصميم الاساسي.</p>\r\n\r\n<p dir=\"rtl\" style=\"margin: 0px 0px 10px; color: rgb(66, 66, 66); font-family: tahoma, sans-serif; font-size: 14px;\">وخلافاَ للاعتقاد السائد فإن لوريم إيبسوم ليس نصاَ عشوائياً، بل إن له جذور في&nbsp;الأدب اللاتيني&nbsp;الكلاسيكي منذ العام 45 قبل الميلاد.&nbsp;من&nbsp;كتاب&nbsp;&quot;حول أقاصي الخير والشر&quot;</p>\r\n\r\n<p dir=\"rtl\" style=\"margin: 0px 0px 10px; color: rgb(66, 66, 66); font-family: tahoma, sans-serif; font-size: 14px;\">لوريم ايبسوم&nbsp;دولار سيت أميت ,كونسيكتيتور أدايبا يسكينج أليايت,سيت دو أيوسمود تيمبور</p>\r\n\r\n<p dir=\"rtl\" style=\"margin: 0px 0px 10px; color: rgb(66, 66, 66); font-family: tahoma, sans-serif; font-size: 14px;\">أنكايديديونتيوت لابوري ات دولار ماجنا أليكيوا . يوت انيم أد مينيم فينايم,كيواس نوستريد</p>\r\n\r\n<p dir=\"rtl\" style=\"margin: 0px 0px 10px; color: rgb(66, 66, 66); font-family: tahoma, sans-serif; font-size: 14px;\">أكسير سيتاشن يللأمكو لابورأس نيسي يت أليكيوب أكس أيا كوممودو كونسيكيوات . ديواس</p>\r\n\r\n<p dir=\"rtl\" style=\"margin: 0px 0px 10px; color: rgb(66, 66, 66); font-family: tahoma, sans-serif; font-size: 14px;\">أيوتي أريري دولار إن ريبريهينديرأيت فوليوبتاتي فيلايت أيسسي كايلليوم دولار أيو فيجايت</p>\r\n\r\n<p dir=\"rtl\" style=\"margin: 0px 0px 10px; color: rgb(66, 66, 66); font-family: tahoma, sans-serif; font-size: 14px;\">نيولا باراياتيور. أيكسسيبتيور ساينت أوككايكات كيوبايداتات نون بروايدينت ,سيونت ان كيولبا</p>\r\n\r\n<p dir=\"rtl\" style=\"margin: 0px 0px 10px; color: rgb(66, 66, 66); font-family: tahoma, sans-serif; font-size: 14px;\">كيو أوفيسيا ديسيريونتموليت انيم أيدي ايست لابوريوم.&quot;</p>\r\n\r\n<p dir=\"rtl\" style=\"margin: 0px 0px 10px; color: rgb(66, 66, 66); font-family: tahoma, sans-serif; font-size: 14px;\">&quot;سيت يتبيرسبايكياتيس يوندي أومنيس أستي ناتيس أيررور سيت فوليبتاتيم أكيسأنتييوم</p>\r\n\r\n<p dir=\"rtl\" style=\"margin: 0px 0px 10px; color: rgb(66, 66, 66); font-family: tahoma, sans-serif; font-size: 14px;\">دولاريمكيو لايودانتيوم,توتام ريم أبيرأم,أيكيو أبسا كيواي أب أللو أنفينتوري فيرأتاتيس ايت</p>\r\n\r\n<p dir=\"rtl\" style=\"margin: 0px 0px 10px; color: rgb(66, 66, 66); font-family: tahoma, sans-serif; font-size: 14px;\">كياسي أرشيتيكتو بيتاي فيتاي ديكاتا سيونت أكسبليكابو. نيمو أنيم أبسام فوليوباتاتيم كيواي</p>\r\n\r\n<p dir=\"rtl\" style=\"margin: 0px 0px 10px; color: rgb(66, 66, 66); font-family: tahoma, sans-serif; font-size: 14px;\">فوليوبتاس سايت أسبيرناتشر أيوت أودايت أيوت فيوجايت, سيد كيواي كونسيكيونتشر ماجناي</p>\r\n\r\n<p dir=\"rtl\" style=\"margin: 0px 0px 10px; color: rgb(66, 66, 66); font-family: tahoma, sans-serif; font-size: 14px;\">دولارس أيوس كيواي راتاشن فوليوبتاتيم سيكيواي نيسكايونت. نيكيو بوررو كيوايسكيوم</p>\r\n\r\n<p dir=\"rtl\" style=\"margin: 0px 0px 10px; color: rgb(66, 66, 66); font-family: tahoma, sans-serif; font-size: 14px;\">ايست,كيواي دولوريم ايبسيوم كيوا دولار سايت أميت, كونسيكتيتيور,أديبايسكاي فيلايت, سيد</p>\r\n\r\n<p dir=\"rtl\" style=\"margin: 0px 0px 10px; color: rgb(66, 66, 66); font-family: tahoma, sans-serif; font-size: 14px;\">كيواي نون نيومكيوام ايايوس موداي تيمبورا انكايديونت يوت لابوري أيت دولار ماجنام</p>\r\n\r\n<p dir=\"rtl\" style=\"margin: 0px 0px 10px; color: rgb(66, 66, 66); font-family: tahoma, sans-serif; font-size: 14px;\">ألايكيوام كيوايرات فوليوبتاتيم. يوت اينايم أد مينيما فينيام, كيواس نوستريوم أكسيركايتاشيم</p>\r\n\r\n<p dir=\"rtl\" style=\"margin: 0px 0px 10px; color: rgb(66, 66, 66); font-family: tahoma, sans-serif; font-size: 14px;\">يلامكوربوريس سيوسكايبيت لابورايوسام, نايساي يوت ألايكيوايد أكس أيا كوموداي</p>\r\n\r\n<p dir=\"rtl\" style=\"margin: 0px 0px 10px; color: rgb(66, 66, 66); font-family: tahoma, sans-serif; font-size: 14px;\">كونسيكيواتشر؟ كيوايس أيوتيم فيل أيوم أيوري ريبريهينديرايت كيواي ان إيا فوليوبتاتي</p>\r\n\r\n<p dir=\"rtl\" style=\"margin: 0px 0px 10px; color: rgb(66, 66, 66); font-family: tahoma, sans-serif; font-size: 14px;\">فيلايت ايسسي كيوم نايهايل موليستايا كونسيكيواتيو,فيلايليوم كيواي دولوريم أيوم فيوجايات كيو</p>\r\n\r\n<p dir=\"rtl\" style=\"margin: 0px 0px 10px; color: rgb(66, 66, 66); font-family: tahoma, sans-serif; font-size: 14px;\">فوليوبتاس نيولا باراياتيور؟&quot;</p>',18,0,1,1,'post','ar','91','2018-02-18 11:23:36','2018-02-27 19:12:49','2018-02-18 11:20:53'),(3,'عند موافقه العميل المبدئيه على التصميم','عند-موافقه-العميل-المبدئيه-على-التصميم','وخلافاَ للاعتقاد السائد فإن لوريم إيبسوم ليس نصاَ عشوائياً، بل إن له جذور في الأدب اللاتيني الكلاسيكي منذ العام 45 قبل الميلاد. من كتاب \"حول أقاصي الخير والشر\"','<p dir=\"rtl\" style=\"margin: 0px 0px 10px; color: rgb(66, 66, 66); font-family: tahoma, sans-serif; font-size: 14px;\">&nbsp;أت فيرو ايوس ايت أكيوساميوس ايت أيوستو أودايو دايجنايسسايموس ديوكايميوس كيواي</p>\r\n\r\n<p dir=\"rtl\" style=\"margin: 0px 0px 10px; color: rgb(66, 66, 66); font-family: tahoma, sans-serif; font-size: 14px;\">بلاندايتاييس برايسينتايوم فوليوبتاتيوم ديلينايتاي أتكيوي كورريوبتاي كيوأوس دولوريس أيت</p>\r\n\r\n<p dir=\"rtl\" style=\"margin: 0px 0px 10px; color: rgb(66, 66, 66); font-family: tahoma, sans-serif; font-size: 14px;\">سيما يليكيوسيونت ان كيولبا كيواي أوفايكيا ديسيريونت موللايتايا انايماي, أيدي ايست لابوريوم</p>\r\n\r\n<p dir=\"rtl\" style=\"margin: 0px 0px 10px; color: rgb(66, 66, 66); font-family: tahoma, sans-serif; font-size: 14px;\">دايستا ينستايو. نام لايبيرو تيمبور, كيوم سوليوتا نوبايس ايست ايلاجينداي أوبتايو كيومكيوي</p>\r\n\r\n<p dir=\"rtl\" style=\"margin: 0px 0px 10px; color: rgb(66, 66, 66); font-family: tahoma, sans-serif; font-size: 14px;\">نايهايل ايمبيدايت كيو ماينيوس ايدي كيوود ماكسهيمي بلاسايت فاسيري بوسسايميوس,أومنايس</p>\r\n\r\n<p dir=\"rtl\" style=\"margin: 0px 0px 10px; color: rgb(66, 66, 66); font-family: tahoma, sans-serif; font-size: 14px;\">فوليوبتاس ايت ايوت أسسيو ميندايست, أومنيوس دولار ريبيللينديوس. تيمبورايبيوس أيوتيم</p>\r\n\r\n<p dir=\"rtl\" style=\"margin: 0px 0px 10px; color: rgb(66, 66, 66); font-family: tahoma, sans-serif; font-size: 14px;\">كيواس موليستاياس أكسكيبتيوراي ساينت أوككايكاتاي كيبايدايتات نون بروفايدنت</p>\r\n\r\n<p dir=\"rtl\" style=\"margin: 0px 0px 10px; color: rgb(66, 66, 66); font-family: tahoma, sans-serif; font-size: 14px;\">أيت دولوريوم فيوجا.ايت هاريوم كيوايديم ريريوم فاكايلايسايست ايت أكسبيدايتا</p>\r\n\r\n<p dir=\"rtl\" style=\"margin: 0px 0px 10px; color: rgb(66, 66, 66); font-family: tahoma, sans-serif; font-size: 14px;\">كيوايبيوسدام ايت أوت</p>\r\n\r\n<p dir=\"rtl\" style=\"margin: 0px 0px 10px; color: rgb(66, 66, 66); font-family: tahoma, sans-serif; font-size: 14px;\">أوففايكايس ديبايتايس أيوت ريريوم نيسيسسايتاتايبيوس سايبي ايفينايت يوت ايت فوليبتاتيس&nbsp;</p>\r\n\r\n<p dir=\"rtl\" style=\"margin: 0px 0px 10px; color: rgb(66, 66, 66); font-family: tahoma, sans-serif; font-size: 14px;\">ريبيودايايانداي ساينت ايت موليسفاياي نون ريكيوسانداي.اتاكيوي ايريوم ريريوم هايس تينيتور</p>\r\n\r\n<p dir=\"rtl\" style=\"margin: 0px 0px 10px; color: rgb(66, 66, 66); font-family: tahoma, sans-serif; font-size: 14px;\">أ ساباينتي ديليكتيوس, يوت أيوت رياسايندايس فوليوبتاتايبص مايوريس ألايس</p>\r\n\r\n<p dir=\"rtl\" style=\"margin: 0px 0px 10px; color: rgb(66, 66, 66); font-family: tahoma, sans-serif; font-size: 14px;\">كونسيكيواتور أيوت بيرفيريندايس دولورايبيوس أسبيرايوريس ريبيللات&nbsp;</p>',13,0,1,1,'post','ar','25','2018-02-18 11:25:44','2018-02-27 22:12:34','2018-02-18 11:24:29'),(4,'أت فيرو ايوس','أت-فيرو-ايوس','أت فيرو ايوس','<p dir=\"rtl\" style=\"margin: 0px 0px 10px; color: rgb(66, 66, 66); font-family: tahoma, sans-serif; font-size: 14px;\">&nbsp;أت فيرو ايوس ايت أكيوساميوس ايت أيوستو أودايو دايجنايسسايموس ديوكايميوس كيواي</p>\r\n\r\n<p dir=\"rtl\" style=\"margin: 0px 0px 10px; color: rgb(66, 66, 66); font-family: tahoma, sans-serif; font-size: 14px;\">بلاندايتاييس برايسينتايوم فوليوبتاتيوم ديلينايتاي أتكيوي كورريوبتاي كيوأوس دولوريس أيت</p>\r\n\r\n<p dir=\"rtl\" style=\"margin: 0px 0px 10px; color: rgb(66, 66, 66); font-family: tahoma, sans-serif; font-size: 14px;\">سيما يليكيوسيونت ان كيولبا كيواي أوفايكيا ديسيريونت موللايتايا انايماي, أيدي ايست لابوريوم</p>\r\n\r\n<p dir=\"rtl\" style=\"margin: 0px 0px 10px; color: rgb(66, 66, 66); font-family: tahoma, sans-serif; font-size: 14px;\">دايستا ينستايو. نام لايبيرو تيمبور, كيوم سوليوتا نوبايس ايست ايلاجينداي أوبتايو كيومكيوي</p>\r\n\r\n<p dir=\"rtl\" style=\"margin: 0px 0px 10px; color: rgb(66, 66, 66); font-family: tahoma, sans-serif; font-size: 14px;\">نايهايل ايمبيدايت كيو ماينيوس ايدي كيوود ماكسهيمي بلاسايت فاسيري بوسسايميوس,أومنايس</p>\r\n\r\n<p dir=\"rtl\" style=\"margin: 0px 0px 10px; color: rgb(66, 66, 66); font-family: tahoma, sans-serif; font-size: 14px;\">فوليوبتاس ايت ايوت أسسيو ميندايست, أومنيوس دولار ريبيللينديوس. تيمبورايبيوس أيوتيم</p>\r\n\r\n<p dir=\"rtl\" style=\"margin: 0px 0px 10px; color: rgb(66, 66, 66); font-family: tahoma, sans-serif; font-size: 14px;\">كيواس موليستاياس أكسكيبتيوراي ساينت أوككايكاتاي كيبايدايتات نون بروفايدنت</p>\r\n\r\n<p dir=\"rtl\" style=\"margin: 0px 0px 10px; color: rgb(66, 66, 66); font-family: tahoma, sans-serif; font-size: 14px;\">أيت دولوريوم فيوجا.ايت هاريوم كيوايديم ريريوم فاكايلايسايست ايت أكسبيدايتا</p>\r\n\r\n<p dir=\"rtl\" style=\"margin: 0px 0px 10px; color: rgb(66, 66, 66); font-family: tahoma, sans-serif; font-size: 14px;\">كيوايبيوسدام ايت أوت</p>\r\n\r\n<p dir=\"rtl\" style=\"margin: 0px 0px 10px; color: rgb(66, 66, 66); font-family: tahoma, sans-serif; font-size: 14px;\">أوففايكايس ديبايتايس أيوت ريريوم نيسيسسايتاتايبيوس سايبي ايفينايت يوت ايت فوليبتاتيس&nbsp;</p>\r\n\r\n<p dir=\"rtl\" style=\"margin: 0px 0px 10px; color: rgb(66, 66, 66); font-family: tahoma, sans-serif; font-size: 14px;\">ريبيودايايانداي ساينت ايت موليسفاياي نون ريكيوسانداي.اتاكيوي ايريوم ريريوم هايس تينيتور</p>\r\n\r\n<p dir=\"rtl\" style=\"margin: 0px 0px 10px; color: rgb(66, 66, 66); font-family: tahoma, sans-serif; font-size: 14px;\">أ ساباينتي ديليكتيوس, يوت أيوت رياسايندايس فوليوبتاتايبص مايوريس ألايس</p>\r\n\r\n<p dir=\"rtl\" style=\"margin: 0px 0px 10px; color: rgb(66, 66, 66); font-family: tahoma, sans-serif; font-size: 14px;\">كونسيكيواتور أيوت بيرفيريندايس دولورايبيوس أسبيرايوريس ريبيللات&nbsp;</p>',21,0,1,1,'post','ar','0','2018-02-18 11:26:21','2018-02-18 18:20:11','2018-02-18 11:25:53'),(9,'diam sit amet quam','proin-eget-tortor-risus-2','Aspect','<p style=\"text-align: right;\">Vestibulum ac diam sit amet quam vehicula elementum sed sit amet dui. Mauris blandit aliquet elit, eget tincidunt nibh pulvinar a. Vestibulum ac diam sit amet quam vehicula elementum sed sit amet dui. Vivamus suscipit tortor eget felis porttitor volutpat. Lorem ipsum dolor sit amet, consectetur adipiscing elit. Praesent sapien massa, convallis a pellentesque nec, egestas non nisi. Vivamus suscipit tortor eget felis porttitor volutpat.</p>\r\n\r\n<p style=\"text-align: right;\">Mauris blandit aliquet elit, eget tincidunt nibh pulvinar a. Cras ultricies ligula sed magna dictum porta. Nulla porttitor accumsan tincidunt. Donec rutrum congue leo eget malesuada. Sed porttitor lectus nibh. Proin eget tortor risus. Vestibulum ante ipsum primis in faucibus orci luctus et ultrices posuere cubilia Curae; Donec velit neque, auctor sit amet aliquam vel, ullamcorper sit amet ligula.</p>\r\n\r\n<p style=\"text-align: right;\">Curabitur aliquet quam id dui posuere blandit. Pellentesque in ipsum id orci porta dapibus. Curabitur arcu erat, accumsan id imperdiet et, porttitor at sem. Cras ultricies ligula sed magna dictum porta. Lorem ipsum dolor sit amet, consectetur adipiscing elit. Pellentesque in ipsum id orci porta dapibus. Vivamus magna justo, lacinia eget consectetur sed, convallis at tellus.</p>\r\n\r\n<p style=\"text-align: right;\">Nulla porttitor accumsan tincidunt. Praesent sapien massa, convallis a pellentesque nec, egestas non nisi. Lorem ipsum dolor sit amet, consectetur adipiscing elit. Pellentesque in ipsum id orci porta dapibus. Vivamus suscipit tortor eget felis porttitor volutpat. Donec rutrum congue leo eget malesuada. Pellentesque in ipsum id orci porta dapibus.</p>',27,0,1,1,'post','ar','45','2018-02-13 10:23:47','2018-02-22 14:01:54','2018-02-13 10:23:06'),(10,'النهائية المطلوبة للتصميم','النهائية المطلوبة للتصميم','وريم ايبسوم هو نموذج افتراضي يوضع في التصاميم لتعرض على العميل ليتصور طريقه وضع النصوص بالتصاميم سواء كانت تصاميم مطبوعه ... بروشور او فلاير على سبيل المثال ... او نماذج مواقع انترنت','<p dir=\"rtl\" style=\"margin: 0px 0px 10px; color: rgb(66, 66, 66); font-family: tahoma, sans-serif; font-size: 14px;\">وعند موافقه العميل المبدئيه على التصميم يتم ازالة هذا النص من التصميم ويتم وضع النصوص النهائية المطلوبة للتصميم ويقول البعض ان وضع النصوص التجريبية بالتصميم قد تشغل المشاهد عن وضع الكثير من الملاحظات او الانتقادات للتصميم الاساسي.</p>\r\n\r\n<p dir=\"rtl\" style=\"margin: 0px 0px 10px; color: rgb(66, 66, 66); font-family: tahoma, sans-serif; font-size: 14px;\">وخلافاَ للاعتقاد السائد فإن لوريم إيبسوم ليس نصاَ عشوائياً، بل إن له جذور في&nbsp;الأدب اللاتيني&nbsp;الكلاسيكي منذ العام 45 قبل الميلاد.&nbsp;من&nbsp;كتاب&nbsp;&quot;حول أقاصي الخير والشر&quot;</p>\r\n\r\n<p dir=\"rtl\" style=\"margin: 0px 0px 10px; color: rgb(66, 66, 66); font-family: tahoma, sans-serif; font-size: 14px;\">لوريم ايبسوم&nbsp;دولار سيت أميت ,كونسيكتيتور أدايبا يسكينج أليايت,سيت دو أيوسمود تيمبور</p>\r\n\r\n<p dir=\"rtl\" style=\"margin: 0px 0px 10px; color: rgb(66, 66, 66); font-family: tahoma, sans-serif; font-size: 14px;\">أنكايديديونتيوت لابوري ات دولار ماجنا أليكيوا . يوت انيم أد مينيم فينايم,كيواس نوستريد</p>\r\n\r\n<p dir=\"rtl\" style=\"margin: 0px 0px 10px; color: rgb(66, 66, 66); font-family: tahoma, sans-serif; font-size: 14px;\">أكسير سيتاشن يللأمكو لابورأس نيسي يت أليكيوب أكس أيا كوممودو كونسيكيوات . ديواس</p>\r\n\r\n<p dir=\"rtl\" style=\"margin: 0px 0px 10px; color: rgb(66, 66, 66); font-family: tahoma, sans-serif; font-size: 14px;\">أيوتي أريري دولار إن ريبريهينديرأيت فوليوبتاتي فيلايت أيسسي كايلليوم دولار أيو فيجايت</p>\r\n\r\n<p dir=\"rtl\" style=\"margin: 0px 0px 10px; color: rgb(66, 66, 66); font-family: tahoma, sans-serif; font-size: 14px;\">نيولا باراياتيور. أيكسسيبتيور ساينت أوككايكات كيوبايداتات نون بروايدينت ,سيونت ان كيولبا</p>\r\n\r\n<p dir=\"rtl\" style=\"margin: 0px 0px 10px; color: rgb(66, 66, 66); font-family: tahoma, sans-serif; font-size: 14px;\">كيو أوفيسيا ديسيريونتموليت انيم أيدي ايست لابوريوم.&quot;</p>\r\n\r\n<p dir=\"rtl\" style=\"margin: 0px 0px 10px; color: rgb(66, 66, 66); font-family: tahoma, sans-serif; font-size: 14px;\">&quot;سيت يتبيرسبايكياتيس يوندي أومنيس أستي ناتيس أيررور سيت فوليبتاتيم أكيسأنتييوم</p>\r\n\r\n<p dir=\"rtl\" style=\"margin: 0px 0px 10px; color: rgb(66, 66, 66); font-family: tahoma, sans-serif; font-size: 14px;\">دولاريمكيو لايودانتيوم,توتام ريم أبيرأم,أيكيو أبسا كيواي أب أللو أنفينتوري فيرأتاتيس ايت</p>\r\n\r\n<p dir=\"rtl\" style=\"margin: 0px 0px 10px; color: rgb(66, 66, 66); font-family: tahoma, sans-serif; font-size: 14px;\">كياسي أرشيتيكتو بيتاي فيتاي ديكاتا سيونت أكسبليكابو. نيمو أنيم أبسام فوليوباتاتيم كيواي</p>\r\n\r\n<p dir=\"rtl\" style=\"margin: 0px 0px 10px; color: rgb(66, 66, 66); font-family: tahoma, sans-serif; font-size: 14px;\">فوليوبتاس سايت أسبيرناتشر أيوت أودايت أيوت فيوجايت, سيد كيواي كونسيكيونتشر ماجناي</p>\r\n\r\n<p dir=\"rtl\" style=\"margin: 0px 0px 10px; color: rgb(66, 66, 66); font-family: tahoma, sans-serif; font-size: 14px;\">دولارس أيوس كيواي راتاشن فوليوبتاتيم سيكيواي نيسكايونت. نيكيو بوررو كيوايسكيوم</p>\r\n\r\n<p dir=\"rtl\" style=\"margin: 0px 0px 10px; color: rgb(66, 66, 66); font-family: tahoma, sans-serif; font-size: 14px;\">ايست,كيواي دولوريم ايبسيوم كيوا دولار سايت أميت, كونسيكتيتيور,أديبايسكاي فيلايت, سيد</p>\r\n\r\n<p dir=\"rtl\" style=\"margin: 0px 0px 10px; color: rgb(66, 66, 66); font-family: tahoma, sans-serif; font-size: 14px;\">كيواي نون نيومكيوام ايايوس موداي تيمبورا انكايديونت يوت لابوري أيت دولار ماجنام</p>\r\n\r\n<p dir=\"rtl\" style=\"margin: 0px 0px 10px; color: rgb(66, 66, 66); font-family: tahoma, sans-serif; font-size: 14px;\">ألايكيوام كيوايرات فوليوبتاتيم. يوت اينايم أد مينيما فينيام, كيواس نوستريوم أكسيركايتاشيم</p>\r\n\r\n<p dir=\"rtl\" style=\"margin: 0px 0px 10px; color: rgb(66, 66, 66); font-family: tahoma, sans-serif; font-size: 14px;\">يلامكوربوريس سيوسكايبيت لابورايوسام, نايساي يوت ألايكيوايد أكس أيا كوموداي</p>\r\n\r\n<p dir=\"rtl\" style=\"margin: 0px 0px 10px; color: rgb(66, 66, 66); font-family: tahoma, sans-serif; font-size: 14px;\">كونسيكيواتشر؟ كيوايس أيوتيم فيل أيوم أيوري ريبريهينديرايت كيواي ان إيا فوليوبتاتي</p>\r\n\r\n<p dir=\"rtl\" style=\"margin: 0px 0px 10px; color: rgb(66, 66, 66); font-family: tahoma, sans-serif; font-size: 14px;\">فيلايت ايسسي كيوم نايهايل موليستايا كونسيكيواتيو,فيلايليوم كيواي دولوريم أيوم فيوجايات كيو</p>\r\n\r\n<p dir=\"rtl\" style=\"margin: 0px 0px 10px; color: rgb(66, 66, 66); font-family: tahoma, sans-serif; font-size: 14px;\">فوليوبتاس نيولا باراياتيور؟&quot;</p>',15,0,1,1,'post','ar','0','2018-02-18 11:23:36','2018-02-18 11:23:59','2018-02-18 11:20:53'),(11,'برايسينتايوم فوليوبتاتيوم','عند-موافقه-العميل-المبدئيه-6لى-التصميم','وخلافاَ للاعتقاد السائد فإن لوريم إيبسوم ليس نصاَ عشوائياً، بل إن له جذور في الأدب اللاتيني الكلاسيكي منذ العام 45 قبل الميلاد. من كتاب \"حول أقاصي الخير والشر\"','<p dir=\"rtl\" style=\"margin: 0px 0px 10px; color: rgb(66, 66, 66); font-family: tahoma, sans-serif; font-size: 14px;\">&nbsp;أت فيرو ايوس ايت أكيوساميوس ايت أيوستو أودايو دايجنايسسايموس ديوكايميوس كيواي</p>\r\n\r\n<p dir=\"rtl\" style=\"margin: 0px 0px 10px; color: rgb(66, 66, 66); font-family: tahoma, sans-serif; font-size: 14px;\">بلاندايتاييس برايسينتايوم فوليوبتاتيوم ديلينايتاي أتكيوي كورريوبتاي كيوأوس دولوريس أيت</p>\r\n\r\n<p dir=\"rtl\" style=\"margin: 0px 0px 10px; color: rgb(66, 66, 66); font-family: tahoma, sans-serif; font-size: 14px;\">سيما يليكيوسيونت ان كيولبا كيواي أوفايكيا ديسيريونت موللايتايا انايماي, أيدي ايست لابوريوم</p>\r\n\r\n<p dir=\"rtl\" style=\"margin: 0px 0px 10px; color: rgb(66, 66, 66); font-family: tahoma, sans-serif; font-size: 14px;\">دايستا ينستايو. نام لايبيرو تيمبور, كيوم سوليوتا نوبايس ايست ايلاجينداي أوبتايو كيومكيوي</p>\r\n\r\n<p dir=\"rtl\" style=\"margin: 0px 0px 10px; color: rgb(66, 66, 66); font-family: tahoma, sans-serif; font-size: 14px;\">نايهايل ايمبيدايت كيو ماينيوس ايدي كيوود ماكسهيمي بلاسايت فاسيري بوسسايميوس,أومنايس</p>\r\n\r\n<p dir=\"rtl\" style=\"margin: 0px 0px 10px; color: rgb(66, 66, 66); font-family: tahoma, sans-serif; font-size: 14px;\">فوليوبتاس ايت ايوت أسسيو ميندايست, أومنيوس دولار ريبيللينديوس. تيمبورايبيوس أيوتيم</p>\r\n\r\n<p dir=\"rtl\" style=\"margin: 0px 0px 10px; color: rgb(66, 66, 66); font-family: tahoma, sans-serif; font-size: 14px;\">كيواس موليستاياس أكسكيبتيوراي ساينت أوككايكاتاي كيبايدايتات نون بروفايدنت</p>\r\n\r\n<p dir=\"rtl\" style=\"margin: 0px 0px 10px; color: rgb(66, 66, 66); font-family: tahoma, sans-serif; font-size: 14px;\">أيت دولوريوم فيوجا.ايت هاريوم كيوايديم ريريوم فاكايلايسايست ايت أكسبيدايتا</p>\r\n\r\n<p dir=\"rtl\" style=\"margin: 0px 0px 10px; color: rgb(66, 66, 66); font-family: tahoma, sans-serif; font-size: 14px;\">كيوايبيوسدام ايت أوت</p>\r\n\r\n<p dir=\"rtl\" style=\"margin: 0px 0px 10px; color: rgb(66, 66, 66); font-family: tahoma, sans-serif; font-size: 14px;\">أوففايكايس ديبايتايس أيوت ريريوم نيسيسسايتاتايبيوس سايبي ايفينايت يوت ايت فوليبتاتيس&nbsp;</p>\r\n\r\n<p dir=\"rtl\" style=\"margin: 0px 0px 10px; color: rgb(66, 66, 66); font-family: tahoma, sans-serif; font-size: 14px;\">ريبيودايايانداي ساينت ايت موليسفاياي نون ريكيوسانداي.اتاكيوي ايريوم ريريوم هايس تينيتور</p>\r\n\r\n<p dir=\"rtl\" style=\"margin: 0px 0px 10px; color: rgb(66, 66, 66); font-family: tahoma, sans-serif; font-size: 14px;\">أ ساباينتي ديليكتيوس, يوت أيوت رياسايندايس فوليوبتاتايبص مايوريس ألايس</p>\r\n\r\n<p dir=\"rtl\" style=\"margin: 0px 0px 10px; color: rgb(66, 66, 66); font-family: tahoma, sans-serif; font-size: 14px;\">كونسيكيواتور أيوت بيرفيريندايس دولورايبيوس أسبيرايوريس ريبيللات&nbsp;</p>',23,0,1,1,'post','ar','0','2018-02-18 11:25:44','2018-02-18 18:24:20','2018-02-18 11:24:29'),(12,'كيوأوس','أت-في5رو-ايوس','كيوأوس','<p dir=\"rtl\" style=\"margin: 0px 0px 10px; color: rgb(66, 66, 66); font-family: tahoma, sans-serif; font-size: 14px;\">&nbsp;أت فيرو ايوس ايت أكيوساميوس ايت أيوستو أودايو دايجنايسسايموس ديوكايميوس كيواي</p>\r\n\r\n<p dir=\"rtl\" style=\"margin: 0px 0px 10px; color: rgb(66, 66, 66); font-family: tahoma, sans-serif; font-size: 14px;\">بلاندايتاييس برايسينتايوم فوليوبتاتيوم ديلينايتاي أتكيوي كورريوبتاي كيوأوس دولوريس أيت</p>\r\n\r\n<p dir=\"rtl\" style=\"margin: 0px 0px 10px; color: rgb(66, 66, 66); font-family: tahoma, sans-serif; font-size: 14px;\">سيما يليكيوسيونت ان كيولبا كيواي أوفايكيا ديسيريونت موللايتايا انايماي, أيدي ايست لابوريوم</p>\r\n\r\n<p dir=\"rtl\" style=\"margin: 0px 0px 10px; color: rgb(66, 66, 66); font-family: tahoma, sans-serif; font-size: 14px;\">دايستا ينستايو. نام لايبيرو تيمبور, كيوم سوليوتا نوبايس ايست ايلاجينداي أوبتايو كيومكيوي</p>\r\n\r\n<p dir=\"rtl\" style=\"margin: 0px 0px 10px; color: rgb(66, 66, 66); font-family: tahoma, sans-serif; font-size: 14px;\">نايهايل ايمبيدايت كيو ماينيوس ايدي كيوود ماكسهيمي بلاسايت فاسيري بوسسايميوس,أومنايس</p>\r\n\r\n<p dir=\"rtl\" style=\"margin: 0px 0px 10px; color: rgb(66, 66, 66); font-family: tahoma, sans-serif; font-size: 14px;\">فوليوبتاس ايت ايوت أسسيو ميندايست, أومنيوس دولار ريبيللينديوس. تيمبورايبيوس أيوتيم</p>\r\n\r\n<p dir=\"rtl\" style=\"margin: 0px 0px 10px; color: rgb(66, 66, 66); font-family: tahoma, sans-serif; font-size: 14px;\">كيواس موليستاياس أكسكيبتيوراي ساينت أوككايكاتاي كيبايدايتات نون بروفايدنت</p>\r\n\r\n<p dir=\"rtl\" style=\"margin: 0px 0px 10px; color: rgb(66, 66, 66); font-family: tahoma, sans-serif; font-size: 14px;\">أيت دولوريوم فيوجا.ايت هاريوم كيوايديم ريريوم فاكايلايسايست ايت أكسبيدايتا</p>\r\n\r\n<p dir=\"rtl\" style=\"margin: 0px 0px 10px; color: rgb(66, 66, 66); font-family: tahoma, sans-serif; font-size: 14px;\">كيوايبيوسدام ايت أوت</p>\r\n\r\n<p dir=\"rtl\" style=\"margin: 0px 0px 10px; color: rgb(66, 66, 66); font-family: tahoma, sans-serif; font-size: 14px;\">أوففايكايس ديبايتايس أيوت ريريوم نيسيسسايتاتايبيوس سايبي ايفينايت يوت ايت فوليبتاتيس&nbsp;</p>\r\n\r\n<p dir=\"rtl\" style=\"margin: 0px 0px 10px; color: rgb(66, 66, 66); font-family: tahoma, sans-serif; font-size: 14px;\">ريبيودايايانداي ساينت ايت موليسفاياي نون ريكيوسانداي.اتاكيوي ايريوم ريريوم هايس تينيتور</p>\r\n\r\n<p dir=\"rtl\" style=\"margin: 0px 0px 10px; color: rgb(66, 66, 66); font-family: tahoma, sans-serif; font-size: 14px;\">أ ساباينتي ديليكتيوس, يوت أيوت رياسايندايس فوليوبتاتايبص مايوريس ألايس</p>\r\n\r\n<p dir=\"rtl\" style=\"margin: 0px 0px 10px; color: rgb(66, 66, 66); font-family: tahoma, sans-serif; font-size: 14px;\">كونسيكيواتور أيوت بيرفيريندايس دولورايبيوس أسبيرايوريس ريبيللات&nbsp;</p>',17,0,1,1,'post','ar','1','2018-02-18 11:26:21','2018-02-22 12:32:47','2018-02-18 11:25:53'),(13,'AC diam sit amet quam','proin-eget-tortor-risus6','Aspect','<p style=\"text-align: right;\">Vestibulum ac diam sit amet quam vehicula elementum sed sit amet dui. Mauris blandit aliquet elit, eget tincidunt nibh pulvinar a. Vestibulum ac diam sit amet quam vehicula elementum sed sit amet dui. Vivamus suscipit tortor eget felis porttitor volutpat. Lorem ipsum dolor sit amet, consectetur adipiscing elit. Praesent sapien massa, convallis a pellentesque nec, egestas non nisi. Vivamus suscipit tortor eget felis porttitor volutpat.</p>\r\n\r\n<p style=\"text-align: right;\">Mauris blandit aliquet elit, eget tincidunt nibh pulvinar a. Cras ultricies ligula sed magna dictum porta. Nulla porttitor accumsan tincidunt. Donec rutrum congue leo eget malesuada. Sed porttitor lectus nibh. Proin eget tortor risus. Vestibulum ante ipsum primis in faucibus orci luctus et ultrices posuere cubilia Curae; Donec velit neque, auctor sit amet aliquam vel, ullamcorper sit amet ligula.</p>\r\n\r\n<p style=\"text-align: right;\">Curabitur aliquet quam id dui posuere blandit. Pellentesque in ipsum id orci porta dapibus. Curabitur arcu erat, accumsan id imperdiet et, porttitor at sem. Cras ultricies ligula sed magna dictum porta. Lorem ipsum dolor sit amet, consectetur adipiscing elit. Pellentesque in ipsum id orci porta dapibus. Vivamus magna justo, lacinia eget consectetur sed, convallis at tellus.</p>\r\n\r\n<p style=\"text-align: right;\">Nulla porttitor accumsan tincidunt. Praesent sapien massa, convallis a pellentesque nec, egestas non nisi. Lorem ipsum dolor sit amet, consectetur adipiscing elit. Pellentesque in ipsum id orci porta dapibus. Vivamus suscipit tortor eget felis porttitor volutpat. Donec rutrum congue leo eget malesuada. Pellentesque in ipsum id orci porta dapibus.</p>',7,0,1,1,'post','ar','55','2018-02-13 10:23:47','2018-03-01 13:49:16','2018-02-13 10:23:06'),(14,'المبدئيه على التصميم','ما-هو-لوريم-ايبسوم546','وريم ايبسوم هو نموذج افتراضي يوضع في التصاميم لتعرض على العميل ليتصور طريقه وضع النصوص بالتصاميم سواء كانت تصاميم مطبوعه ... بروشور او فلاير على سبيل المثال ... او نماذج مواقع انترنت','<p dir=\"rtl\" style=\"margin: 0px 0px 10px; color: rgb(66, 66, 66); font-family: tahoma, sans-serif; font-size: 14px;\">وعند موافقه العميل المبدئيه على التصميم يتم ازالة هذا النص من التصميم ويتم وضع النصوص النهائية المطلوبة للتصميم ويقول البعض ان وضع النصوص التجريبية بالتصميم قد تشغل المشاهد عن وضع الكثير من الملاحظات او الانتقادات للتصميم الاساسي.</p>\r\n\r\n<p dir=\"rtl\" style=\"margin: 0px 0px 10px; color: rgb(66, 66, 66); font-family: tahoma, sans-serif; font-size: 14px;\">وخلافاَ للاعتقاد السائد فإن لوريم إيبسوم ليس نصاَ عشوائياً، بل إن له جذور في&nbsp;الأدب اللاتيني&nbsp;الكلاسيكي منذ العام 45 قبل الميلاد.&nbsp;من&nbsp;كتاب&nbsp;&quot;حول أقاصي الخير والشر&quot;</p>\r\n\r\n<p dir=\"rtl\" style=\"margin: 0px 0px 10px; color: rgb(66, 66, 66); font-family: tahoma, sans-serif; font-size: 14px;\">لوريم ايبسوم&nbsp;دولار سيت أميت ,كونسيكتيتور أدايبا يسكينج أليايت,سيت دو أيوسمود تيمبور</p>\r\n\r\n<p dir=\"rtl\" style=\"margin: 0px 0px 10px; color: rgb(66, 66, 66); font-family: tahoma, sans-serif; font-size: 14px;\">أنكايديديونتيوت لابوري ات دولار ماجنا أليكيوا . يوت انيم أد مينيم فينايم,كيواس نوستريد</p>\r\n\r\n<p dir=\"rtl\" style=\"margin: 0px 0px 10px; color: rgb(66, 66, 66); font-family: tahoma, sans-serif; font-size: 14px;\">أكسير سيتاشن يللأمكو لابورأس نيسي يت أليكيوب أكس أيا كوممودو كونسيكيوات . ديواس</p>\r\n\r\n<p dir=\"rtl\" style=\"margin: 0px 0px 10px; color: rgb(66, 66, 66); font-family: tahoma, sans-serif; font-size: 14px;\">أيوتي أريري دولار إن ريبريهينديرأيت فوليوبتاتي فيلايت أيسسي كايلليوم دولار أيو فيجايت</p>\r\n\r\n<p dir=\"rtl\" style=\"margin: 0px 0px 10px; color: rgb(66, 66, 66); font-family: tahoma, sans-serif; font-size: 14px;\">نيولا باراياتيور. أيكسسيبتيور ساينت أوككايكات كيوبايداتات نون بروايدينت ,سيونت ان كيولبا</p>\r\n\r\n<p dir=\"rtl\" style=\"margin: 0px 0px 10px; color: rgb(66, 66, 66); font-family: tahoma, sans-serif; font-size: 14px;\">كيو أوفيسيا ديسيريونتموليت انيم أيدي ايست لابوريوم.&quot;</p>\r\n\r\n<p dir=\"rtl\" style=\"margin: 0px 0px 10px; color: rgb(66, 66, 66); font-family: tahoma, sans-serif; font-size: 14px;\">&quot;سيت يتبيرسبايكياتيس يوندي أومنيس أستي ناتيس أيررور سيت فوليبتاتيم أكيسأنتييوم</p>\r\n\r\n<p dir=\"rtl\" style=\"margin: 0px 0px 10px; color: rgb(66, 66, 66); font-family: tahoma, sans-serif; font-size: 14px;\">دولاريمكيو لايودانتيوم,توتام ريم أبيرأم,أيكيو أبسا كيواي أب أللو أنفينتوري فيرأتاتيس ايت</p>\r\n\r\n<p dir=\"rtl\" style=\"margin: 0px 0px 10px; color: rgb(66, 66, 66); font-family: tahoma, sans-serif; font-size: 14px;\">كياسي أرشيتيكتو بيتاي فيتاي ديكاتا سيونت أكسبليكابو. نيمو أنيم أبسام فوليوباتاتيم كيواي</p>\r\n\r\n<p dir=\"rtl\" style=\"margin: 0px 0px 10px; color: rgb(66, 66, 66); font-family: tahoma, sans-serif; font-size: 14px;\">فوليوبتاس سايت أسبيرناتشر أيوت أودايت أيوت فيوجايت, سيد كيواي كونسيكيونتشر ماجناي</p>\r\n\r\n<p dir=\"rtl\" style=\"margin: 0px 0px 10px; color: rgb(66, 66, 66); font-family: tahoma, sans-serif; font-size: 14px;\">دولارس أيوس كيواي راتاشن فوليوبتاتيم سيكيواي نيسكايونت. نيكيو بوررو كيوايسكيوم</p>\r\n\r\n<p dir=\"rtl\" style=\"margin: 0px 0px 10px; color: rgb(66, 66, 66); font-family: tahoma, sans-serif; font-size: 14px;\">ايست,كيواي دولوريم ايبسيوم كيوا دولار سايت أميت, كونسيكتيتيور,أديبايسكاي فيلايت, سيد</p>\r\n\r\n<p dir=\"rtl\" style=\"margin: 0px 0px 10px; color: rgb(66, 66, 66); font-family: tahoma, sans-serif; font-size: 14px;\">كيواي نون نيومكيوام ايايوس موداي تيمبورا انكايديونت يوت لابوري أيت دولار ماجنام</p>\r\n\r\n<p dir=\"rtl\" style=\"margin: 0px 0px 10px; color: rgb(66, 66, 66); font-family: tahoma, sans-serif; font-size: 14px;\">ألايكيوام كيوايرات فوليوبتاتيم. يوت اينايم أد مينيما فينيام, كيواس نوستريوم أكسيركايتاشيم</p>\r\n\r\n<p dir=\"rtl\" style=\"margin: 0px 0px 10px; color: rgb(66, 66, 66); font-family: tahoma, sans-serif; font-size: 14px;\">يلامكوربوريس سيوسكايبيت لابورايوسام, نايساي يوت ألايكيوايد أكس أيا كوموداي</p>\r\n\r\n<p dir=\"rtl\" style=\"margin: 0px 0px 10px; color: rgb(66, 66, 66); font-family: tahoma, sans-serif; font-size: 14px;\">كونسيكيواتشر؟ كيوايس أيوتيم فيل أيوم أيوري ريبريهينديرايت كيواي ان إيا فوليوبتاتي</p>\r\n\r\n<p dir=\"rtl\" style=\"margin: 0px 0px 10px; color: rgb(66, 66, 66); font-family: tahoma, sans-serif; font-size: 14px;\">فيلايت ايسسي كيوم نايهايل موليستايا كونسيكيواتيو,فيلايليوم كيواي دولوريم أيوم فيوجايات كيو</p>\r\n\r\n<p dir=\"rtl\" style=\"margin: 0px 0px 10px; color: rgb(66, 66, 66); font-family: tahoma, sans-serif; font-size: 14px;\">فوليوبتاس نيولا باراياتيور؟&quot;</p>',6,0,1,1,'post','ar','1','2018-02-18 11:23:36','2018-02-18 13:11:10','2018-02-18 11:20:53'),(15,'دايجنايسسايموس','عند-sdموافقه-العميل-المبدئيه-على-التصميم','وخلافاَ للاعتقاد السائد فإن لوريم إيبسوم ليس نصاَ عشوائياً، بل إن له جذور في الأدب اللاتيني الكلاسيكي منذ العام 45 قبل الميلاد. من كتاب \"حول أقاصي الخير والشر\"','<p dir=\"rtl\" style=\"margin: 0px 0px 10px; color: rgb(66, 66, 66); font-family: tahoma, sans-serif; font-size: 14px;\">&nbsp;أت فيرو ايوس ايت أكيوساميوس ايت أيوستو أودايو دايجنايسسايموس ديوكايميوس كيواي</p>\r\n\r\n<p dir=\"rtl\" style=\"margin: 0px 0px 10px; color: rgb(66, 66, 66); font-family: tahoma, sans-serif; font-size: 14px;\">بلاندايتاييس برايسينتايوم فوليوبتاتيوم ديلينايتاي أتكيوي كورريوبتاي كيوأوس دولوريس أيت</p>\r\n\r\n<p dir=\"rtl\" style=\"margin: 0px 0px 10px; color: rgb(66, 66, 66); font-family: tahoma, sans-serif; font-size: 14px;\">سيما يليكيوسيونت ان كيولبا كيواي أوفايكيا ديسيريونت موللايتايا انايماي, أيدي ايست لابوريوم</p>\r\n\r\n<p dir=\"rtl\" style=\"margin: 0px 0px 10px; color: rgb(66, 66, 66); font-family: tahoma, sans-serif; font-size: 14px;\">دايستا ينستايو. نام لايبيرو تيمبور, كيوم سوليوتا نوبايس ايست ايلاجينداي أوبتايو كيومكيوي</p>\r\n\r\n<p dir=\"rtl\" style=\"margin: 0px 0px 10px; color: rgb(66, 66, 66); font-family: tahoma, sans-serif; font-size: 14px;\">نايهايل ايمبيدايت كيو ماينيوس ايدي كيوود ماكسهيمي بلاسايت فاسيري بوسسايميوس,أومنايس</p>\r\n\r\n<p dir=\"rtl\" style=\"margin: 0px 0px 10px; color: rgb(66, 66, 66); font-family: tahoma, sans-serif; font-size: 14px;\">فوليوبتاس ايت ايوت أسسيو ميندايست, أومنيوس دولار ريبيللينديوس. تيمبورايبيوس أيوتيم</p>\r\n\r\n<p dir=\"rtl\" style=\"margin: 0px 0px 10px; color: rgb(66, 66, 66); font-family: tahoma, sans-serif; font-size: 14px;\">كيواس موليستاياس أكسكيبتيوراي ساينت أوككايكاتاي كيبايدايتات نون بروفايدنت</p>\r\n\r\n<p dir=\"rtl\" style=\"margin: 0px 0px 10px; color: rgb(66, 66, 66); font-family: tahoma, sans-serif; font-size: 14px;\">أيت دولوريوم فيوجا.ايت هاريوم كيوايديم ريريوم فاكايلايسايست ايت أكسبيدايتا</p>\r\n\r\n<p dir=\"rtl\" style=\"margin: 0px 0px 10px; color: rgb(66, 66, 66); font-family: tahoma, sans-serif; font-size: 14px;\">كيوايبيوسدام ايت أوت</p>\r\n\r\n<p dir=\"rtl\" style=\"margin: 0px 0px 10px; color: rgb(66, 66, 66); font-family: tahoma, sans-serif; font-size: 14px;\">أوففايكايس ديبايتايس أيوت ريريوم نيسيسسايتاتايبيوس سايبي ايفينايت يوت ايت فوليبتاتيس&nbsp;</p>\r\n\r\n<p dir=\"rtl\" style=\"margin: 0px 0px 10px; color: rgb(66, 66, 66); font-family: tahoma, sans-serif; font-size: 14px;\">ريبيودايايانداي ساينت ايت موليسفاياي نون ريكيوسانداي.اتاكيوي ايريوم ريريوم هايس تينيتور</p>\r\n\r\n<p dir=\"rtl\" style=\"margin: 0px 0px 10px; color: rgb(66, 66, 66); font-family: tahoma, sans-serif; font-size: 14px;\">أ ساباينتي ديليكتيوس, يوت أيوت رياسايندايس فوليوبتاتايبص مايوريس ألايس</p>\r\n\r\n<p dir=\"rtl\" style=\"margin: 0px 0px 10px; color: rgb(66, 66, 66); font-family: tahoma, sans-serif; font-size: 14px;\">كونسيكيواتور أيوت بيرفيريندايس دولورايبيوس أسبيرايوريس ريبيللات&nbsp;</p>',12,0,1,1,'post','ar','18','2018-02-18 11:25:44','2018-02-18 17:56:26','2018-02-18 11:24:29'),(16,'برايسينتايوم فوليوبتاتيوم ديلينايتاي','أت-فيرdasو-ايوس','بلاندايتاييس برايسينتايوم فوليوبتاتيوم ديلينايتاي أتكيوي كورريوبتاي كيوأوس دولوريس أيت\r\n\r\nسيما يليكيوسيونت ان كيولبا كيواي أوفايكيا ديسيريونت موللايتايا انايماي, أيدي ايست لابوريوم','<p dir=\"rtl\" style=\"margin: 0px 0px 10px; color: rgb(66, 66, 66); font-family: tahoma, sans-serif; font-size: 14px;\">&nbsp;أت فيرو ايوس ايت أكيوساميوس ايت أيوستو أودايو دايجنايسسايموس ديوكايميوس كيواي</p>\r\n\r\n<p dir=\"rtl\" style=\"margin: 0px 0px 10px; color: rgb(66, 66, 66); font-family: tahoma, sans-serif; font-size: 14px;\">بلاندايتاييس برايسينتايوم فوليوبتاتيوم ديلينايتاي أتكيوي كورريوبتاي كيوأوس دولوريس أيت</p>\r\n\r\n<p dir=\"rtl\" style=\"margin: 0px 0px 10px; color: rgb(66, 66, 66); font-family: tahoma, sans-serif; font-size: 14px;\">سيما يليكيوسيونت ان كيولبا كيواي أوفايكيا ديسيريونت موللايتايا انايماي, أيدي ايست لابوريوم</p>\r\n\r\n<p dir=\"rtl\" style=\"margin: 0px 0px 10px; color: rgb(66, 66, 66); font-family: tahoma, sans-serif; font-size: 14px;\">دايستا ينستايو. نام لايبيرو تيمبور, كيوم سوليوتا نوبايس ايست ايلاجينداي أوبتايو كيومكيوي</p>\r\n\r\n<p dir=\"rtl\" style=\"margin: 0px 0px 10px; color: rgb(66, 66, 66); font-family: tahoma, sans-serif; font-size: 14px;\">نايهايل ايمبيدايت كيو ماينيوس ايدي كيوود ماكسهيمي بلاسايت فاسيري بوسسايميوس,أومنايس</p>\r\n\r\n<p dir=\"rtl\" style=\"margin: 0px 0px 10px; color: rgb(66, 66, 66); font-family: tahoma, sans-serif; font-size: 14px;\">فوليوبتاس ايت ايوت أسسيو ميندايست, أومنيوس دولار ريبيللينديوس. تيمبورايبيوس أيوتيم</p>\r\n\r\n<p dir=\"rtl\" style=\"margin: 0px 0px 10px; color: rgb(66, 66, 66); font-family: tahoma, sans-serif; font-size: 14px;\">كيواس موليستاياس أكسكيبتيوراي ساينت أوككايكاتاي كيبايدايتات نون بروفايدنت</p>\r\n\r\n<p dir=\"rtl\" style=\"margin: 0px 0px 10px; color: rgb(66, 66, 66); font-family: tahoma, sans-serif; font-size: 14px;\">أيت دولوريوم فيوجا.ايت هاريوم كيوايديم ريريوم فاكايلايسايست ايت أكسبيدايتا</p>\r\n\r\n<p dir=\"rtl\" style=\"margin: 0px 0px 10px; color: rgb(66, 66, 66); font-family: tahoma, sans-serif; font-size: 14px;\">كيوايبيوسدام ايت أوت</p>\r\n\r\n<p dir=\"rtl\" style=\"margin: 0px 0px 10px; color: rgb(66, 66, 66); font-family: tahoma, sans-serif; font-size: 14px;\">أوففايكايس ديبايتايس أيوت ريريوم نيسيسسايتاتايبيوس سايبي ايفينايت يوت ايت فوليبتاتيس&nbsp;</p>\r\n\r\n<p dir=\"rtl\" style=\"margin: 0px 0px 10px; color: rgb(66, 66, 66); font-family: tahoma, sans-serif; font-size: 14px;\">ريبيودايايانداي ساينت ايت موليسفاياي نون ريكيوسانداي.اتاكيوي ايريوم ريريوم هايس تينيتور</p>\r\n\r\n<p dir=\"rtl\" style=\"margin: 0px 0px 10px; color: rgb(66, 66, 66); font-family: tahoma, sans-serif; font-size: 14px;\">أ ساباينتي ديليكتيوس, يوت أيوت رياسايندايس فوليوبتاتايبص مايوريس ألايس</p>\r\n\r\n<p dir=\"rtl\" style=\"margin: 0px 0px 10px; color: rgb(66, 66, 66); font-family: tahoma, sans-serif; font-size: 14px;\">كونسيكيواتور أيوت بيرفيريندايس دولورايبيوس أسبيرايوريس ريبيللات&nbsp;</p>',1,0,1,1,'post','ar','0','2018-02-18 11:26:21','2018-02-18 17:54:39','2018-02-18 11:25:53'),(17,'Vivamus suscipit tortor','proin-eget-tortor-risus-77','Aspect','<p style=\"text-align: right;\">Vestibulum ac diam sit amet quam vehicula elementum sed sit amet dui. Mauris blandit aliquet elit, eget tincidunt nibh pulvinar a. Vestibulum ac diam sit amet quam vehicula elementum sed sit amet dui. Vivamus suscipit tortor eget felis porttitor volutpat. Lorem ipsum dolor sit amet, consectetur adipiscing elit. Praesent sapien massa, convallis a pellentesque nec, egestas non nisi. Vivamus suscipit tortor eget felis porttitor volutpat.</p>\r\n\r\n<p style=\"text-align: right;\">Mauris blandit aliquet elit, eget tincidunt nibh pulvinar a. Cras ultricies ligula sed magna dictum porta. Nulla porttitor accumsan tincidunt. Donec rutrum congue leo eget malesuada. Sed porttitor lectus nibh. Proin eget tortor risus. Vestibulum ante ipsum primis in faucibus orci luctus et ultrices posuere cubilia Curae; Donec velit neque, auctor sit amet aliquam vel, ullamcorper sit amet ligula.</p>\r\n\r\n<p style=\"text-align: right;\">Curabitur aliquet quam id dui posuere blandit. Pellentesque in ipsum id orci porta dapibus. Curabitur arcu erat, accumsan id imperdiet et, porttitor at sem. Cras ultricies ligula sed magna dictum porta. Lorem ipsum dolor sit amet, consectetur adipiscing elit. Pellentesque in ipsum id orci porta dapibus. Vivamus magna justo, lacinia eget consectetur sed, convallis at tellus.</p>\r\n\r\n<p style=\"text-align: right;\">Nulla porttitor accumsan tincidunt. Praesent sapien massa, convallis a pellentesque nec, egestas non nisi. Lorem ipsum dolor sit amet, consectetur adipiscing elit. Pellentesque in ipsum id orci porta dapibus. Vivamus suscipit tortor eget felis porttitor volutpat. Donec rutrum congue leo eget malesuada. Pellentesque in ipsum id orci porta dapibus.</p>',14,0,1,1,'post','ar','39','2018-02-13 10:23:47','2018-02-18 17:58:45','2018-02-13 10:23:06'),(18,'الملاحظات او الانتقادات للتصميم','النهائية المطلوبة للتصميم555','وريم ايبسوم هو نموذج افتراضي يوضع في التصاميم لتعرض على العميل ليتصور طريقه وضع النصوص بالتصاميم سواء كانت تصاميم مطبوعه ... بروشور او فلاير على سبيل المثال ... او نماذج مواقع انترنت','<p dir=\"rtl\" style=\"margin: 0px 0px 10px; color: rgb(66, 66, 66); font-family: tahoma, sans-serif; font-size: 14px;\">وعند موافقه العميل المبدئيه على التصميم يتم ازالة هذا النص من التصميم ويتم وضع النصوص النهائية المطلوبة للتصميم ويقول البعض ان وضع النصوص التجريبية بالتصميم قد تشغل المشاهد عن وضع الكثير من الملاحظات او الانتقادات للتصميم الاساسي.</p>\r\n\r\n<p dir=\"rtl\" style=\"margin: 0px 0px 10px; color: rgb(66, 66, 66); font-family: tahoma, sans-serif; font-size: 14px;\">وخلافاَ للاعتقاد السائد فإن لوريم إيبسوم ليس نصاَ عشوائياً، بل إن له جذور في&nbsp;الأدب اللاتيني&nbsp;الكلاسيكي منذ العام 45 قبل الميلاد.&nbsp;من&nbsp;كتاب&nbsp;&quot;حول أقاصي الخير والشر&quot;</p>\r\n\r\n<p dir=\"rtl\" style=\"margin: 0px 0px 10px; color: rgb(66, 66, 66); font-family: tahoma, sans-serif; font-size: 14px;\">لوريم ايبسوم&nbsp;دولار سيت أميت ,كونسيكتيتور أدايبا يسكينج أليايت,سيت دو أيوسمود تيمبور</p>\r\n\r\n<p dir=\"rtl\" style=\"margin: 0px 0px 10px; color: rgb(66, 66, 66); font-family: tahoma, sans-serif; font-size: 14px;\">أنكايديديونتيوت لابوري ات دولار ماجنا أليكيوا . يوت انيم أد مينيم فينايم,كيواس نوستريد</p>\r\n\r\n<p dir=\"rtl\" style=\"margin: 0px 0px 10px; color: rgb(66, 66, 66); font-family: tahoma, sans-serif; font-size: 14px;\">أكسير سيتاشن يللأمكو لابورأس نيسي يت أليكيوب أكس أيا كوممودو كونسيكيوات . ديواس</p>\r\n\r\n<p dir=\"rtl\" style=\"margin: 0px 0px 10px; color: rgb(66, 66, 66); font-family: tahoma, sans-serif; font-size: 14px;\">أيوتي أريري دولار إن ريبريهينديرأيت فوليوبتاتي فيلايت أيسسي كايلليوم دولار أيو فيجايت</p>\r\n\r\n<p dir=\"rtl\" style=\"margin: 0px 0px 10px; color: rgb(66, 66, 66); font-family: tahoma, sans-serif; font-size: 14px;\">نيولا باراياتيور. أيكسسيبتيور ساينت أوككايكات كيوبايداتات نون بروايدينت ,سيونت ان كيولبا</p>\r\n\r\n<p dir=\"rtl\" style=\"margin: 0px 0px 10px; color: rgb(66, 66, 66); font-family: tahoma, sans-serif; font-size: 14px;\">كيو أوفيسيا ديسيريونتموليت انيم أيدي ايست لابوريوم.&quot;</p>\r\n\r\n<p dir=\"rtl\" style=\"margin: 0px 0px 10px; color: rgb(66, 66, 66); font-family: tahoma, sans-serif; font-size: 14px;\">&quot;سيت يتبيرسبايكياتيس يوندي أومنيس أستي ناتيس أيررور سيت فوليبتاتيم أكيسأنتييوم</p>\r\n\r\n<p dir=\"rtl\" style=\"margin: 0px 0px 10px; color: rgb(66, 66, 66); font-family: tahoma, sans-serif; font-size: 14px;\">دولاريمكيو لايودانتيوم,توتام ريم أبيرأم,أيكيو أبسا كيواي أب أللو أنفينتوري فيرأتاتيس ايت</p>\r\n\r\n<p dir=\"rtl\" style=\"margin: 0px 0px 10px; color: rgb(66, 66, 66); font-family: tahoma, sans-serif; font-size: 14px;\">كياسي أرشيتيكتو بيتاي فيتاي ديكاتا سيونت أكسبليكابو. نيمو أنيم أبسام فوليوباتاتيم كيواي</p>\r\n\r\n<p dir=\"rtl\" style=\"margin: 0px 0px 10px; color: rgb(66, 66, 66); font-family: tahoma, sans-serif; font-size: 14px;\">فوليوبتاس سايت أسبيرناتشر أيوت أودايت أيوت فيوجايت, سيد كيواي كونسيكيونتشر ماجناي</p>\r\n\r\n<p dir=\"rtl\" style=\"margin: 0px 0px 10px; color: rgb(66, 66, 66); font-family: tahoma, sans-serif; font-size: 14px;\">دولارس أيوس كيواي راتاشن فوليوبتاتيم سيكيواي نيسكايونت. نيكيو بوررو كيوايسكيوم</p>\r\n\r\n<p dir=\"rtl\" style=\"margin: 0px 0px 10px; color: rgb(66, 66, 66); font-family: tahoma, sans-serif; font-size: 14px;\">ايست,كيواي دولوريم ايبسيوم كيوا دولار سايت أميت, كونسيكتيتيور,أديبايسكاي فيلايت, سيد</p>\r\n\r\n<p dir=\"rtl\" style=\"margin: 0px 0px 10px; color: rgb(66, 66, 66); font-family: tahoma, sans-serif; font-size: 14px;\">كيواي نون نيومكيوام ايايوس موداي تيمبورا انكايديونت يوت لابوري أيت دولار ماجنام</p>\r\n\r\n<p dir=\"rtl\" style=\"margin: 0px 0px 10px; color: rgb(66, 66, 66); font-family: tahoma, sans-serif; font-size: 14px;\">ألايكيوام كيوايرات فوليوبتاتيم. يوت اينايم أد مينيما فينيام, كيواس نوستريوم أكسيركايتاشيم</p>\r\n\r\n<p dir=\"rtl\" style=\"margin: 0px 0px 10px; color: rgb(66, 66, 66); font-family: tahoma, sans-serif; font-size: 14px;\">يلامكوربوريس سيوسكايبيت لابورايوسام, نايساي يوت ألايكيوايد أكس أيا كوموداي</p>\r\n\r\n<p dir=\"rtl\" style=\"margin: 0px 0px 10px; color: rgb(66, 66, 66); font-family: tahoma, sans-serif; font-size: 14px;\">كونسيكيواتشر؟ كيوايس أيوتيم فيل أيوم أيوري ريبريهينديرايت كيواي ان إيا فوليوبتاتي</p>\r\n\r\n<p dir=\"rtl\" style=\"margin: 0px 0px 10px; color: rgb(66, 66, 66); font-family: tahoma, sans-serif; font-size: 14px;\">فيلايت ايسسي كيوم نايهايل موليستايا كونسيكيواتيو,فيلايليوم كيواي دولوريم أيوم فيوجايات كيو</p>\r\n\r\n<p dir=\"rtl\" style=\"margin: 0px 0px 10px; color: rgb(66, 66, 66); font-family: tahoma, sans-serif; font-size: 14px;\">فوليوبتاس نيولا باراياتيور؟&quot;</p>',2,0,1,1,'post','ar','0','2018-02-18 11:23:36','2018-02-18 17:57:47','2018-02-18 11:20:53'),(19,'برايسينتايوم فوليوبتاتيوم','عند-موافقه-العميل-المبدئdsdيه-6لى-التصميم','وخلافاَ للاعتقاد السائد فإن لوريم إيبسوم ليس نصاَ عشوائياً، بل إن له جذور في الأدب اللاتيني الكلاسيكي منذ العام 45 قبل الميلاد. من كتاب \"حول أقاصي الخير والشر\"','<p dir=\"rtl\" style=\"margin: 0px 0px 10px; color: rgb(66, 66, 66); font-family: tahoma, sans-serif; font-size: 14px;\">&nbsp;أت فيرو ايوس ايت أكيوساميوس ايت أيوستو أودايو دايجنايسسايموس ديوكايميوس كيواي</p>\r\n\r\n<p dir=\"rtl\" style=\"margin: 0px 0px 10px; color: rgb(66, 66, 66); font-family: tahoma, sans-serif; font-size: 14px;\">بلاندايتاييس برايسينتايوم فوليوبتاتيوم ديلينايتاي أتكيوي كورريوبتاي كيوأوس دولوريس أيت</p>\r\n\r\n<p dir=\"rtl\" style=\"margin: 0px 0px 10px; color: rgb(66, 66, 66); font-family: tahoma, sans-serif; font-size: 14px;\">سيما يليكيوسيونت ان كيولبا كيواي أوفايكيا ديسيريونت موللايتايا انايماي, أيدي ايست لابوريوم</p>\r\n\r\n<p dir=\"rtl\" style=\"margin: 0px 0px 10px; color: rgb(66, 66, 66); font-family: tahoma, sans-serif; font-size: 14px;\">دايستا ينستايو. نام لايبيرو تيمبور, كيوم سوليوتا نوبايس ايست ايلاجينداي أوبتايو كيومكيوي</p>\r\n\r\n<p dir=\"rtl\" style=\"margin: 0px 0px 10px; color: rgb(66, 66, 66); font-family: tahoma, sans-serif; font-size: 14px;\">نايهايل ايمبيدايت كيو ماينيوس ايدي كيوود ماكسهيمي بلاسايت فاسيري بوسسايميوس,أومنايس</p>\r\n\r\n<p dir=\"rtl\" style=\"margin: 0px 0px 10px; color: rgb(66, 66, 66); font-family: tahoma, sans-serif; font-size: 14px;\">فوليوبتاس ايت ايوت أسسيو ميندايست, أومنيوس دولار ريبيللينديوس. تيمبورايبيوس أيوتيم</p>\r\n\r\n<p dir=\"rtl\" style=\"margin: 0px 0px 10px; color: rgb(66, 66, 66); font-family: tahoma, sans-serif; font-size: 14px;\">كيواس موليستاياس أكسكيبتيوراي ساينت أوككايكاتاي كيبايدايتات نون بروفايدنت</p>\r\n\r\n<p dir=\"rtl\" style=\"margin: 0px 0px 10px; color: rgb(66, 66, 66); font-family: tahoma, sans-serif; font-size: 14px;\">أيت دولوريوم فيوجا.ايت هاريوم كيوايديم ريريوم فاكايلايسايست ايت أكسبيدايتا</p>\r\n\r\n<p dir=\"rtl\" style=\"margin: 0px 0px 10px; color: rgb(66, 66, 66); font-family: tahoma, sans-serif; font-size: 14px;\">كيوايبيوسدام ايت أوت</p>\r\n\r\n<p dir=\"rtl\" style=\"margin: 0px 0px 10px; color: rgb(66, 66, 66); font-family: tahoma, sans-serif; font-size: 14px;\">أوففايكايس ديبايتايس أيوت ريريوم نيسيسسايتاتايبيوس سايبي ايفينايت يوت ايت فوليبتاتيس&nbsp;</p>\r\n\r\n<p dir=\"rtl\" style=\"margin: 0px 0px 10px; color: rgb(66, 66, 66); font-family: tahoma, sans-serif; font-size: 14px;\">ريبيودايايانداي ساينت ايت موليسفاياي نون ريكيوسانداي.اتاكيوي ايريوم ريريوم هايس تينيتور</p>\r\n\r\n<p dir=\"rtl\" style=\"margin: 0px 0px 10px; color: rgb(66, 66, 66); font-family: tahoma, sans-serif; font-size: 14px;\">أ ساباينتي ديليكتيوس, يوت أيوت رياسايندايس فوليوبتاتايبص مايوريس ألايس</p>\r\n\r\n<p dir=\"rtl\" style=\"margin: 0px 0px 10px; color: rgb(66, 66, 66); font-family: tahoma, sans-serif; font-size: 14px;\">كونسيكيواتور أيوت بيرفيريندايس دولورايبيوس أسبيرايوريس ريبيللات&nbsp;</p>',8,0,1,1,'post','ar','0','2018-02-18 11:25:44','2018-02-18 11:25:44','2018-02-18 11:24:29'),(20,'يت دولوريوم فيوجا.ايت','أت-في5ssرو-ايوس','بلاندايتاييس برايسينتايوم فوليوبتاتيوم ديلينايتاي أتكيوي كورريوبتاي كيوأوس دولوريس أيت\r\nسيما يليكيوسيونت ان كيولبا كيواي أوفايكيا ديسيريونت موللايتايا انايماي, أيدي ايست لابوريوم','<p dir=\"rtl\" style=\"margin: 0px 0px 10px; color: rgb(66, 66, 66); font-family: tahoma, sans-serif; font-size: 14px;\">&nbsp;أت فيرو ايوس ايت أكيوساميوس ايت أيوستو أودايو دايجنايسسايموس ديوكايميوس كيواي</p>\r\n\r\n<p dir=\"rtl\" style=\"margin: 0px 0px 10px; color: rgb(66, 66, 66); font-family: tahoma, sans-serif; font-size: 14px;\">بلاندايتاييس برايسينتايوم فوليوبتاتيوم ديلينايتاي أتكيوي كورريوبتاي كيوأوس دولوريس أيت</p>\r\n\r\n<p dir=\"rtl\" style=\"margin: 0px 0px 10px; color: rgb(66, 66, 66); font-family: tahoma, sans-serif; font-size: 14px;\">سيما يليكيوسيونت ان كيولبا كيواي أوفايكيا ديسيريونت موللايتايا انايماي, أيدي ايست لابوريوم</p>\r\n\r\n<p dir=\"rtl\" style=\"margin: 0px 0px 10px; color: rgb(66, 66, 66); font-family: tahoma, sans-serif; font-size: 14px;\">دايستا ينستايو. نام لايبيرو تيمبور, كيوم سوليوتا نوبايس ايست ايلاجينداي أوبتايو كيومكيوي</p>\r\n\r\n<p dir=\"rtl\" style=\"margin: 0px 0px 10px; color: rgb(66, 66, 66); font-family: tahoma, sans-serif; font-size: 14px;\">نايهايل ايمبيدايت كيو ماينيوس ايدي كيوود ماكسهيمي بلاسايت فاسيري بوسسايميوس,أومنايس</p>\r\n\r\n<p dir=\"rtl\" style=\"margin: 0px 0px 10px; color: rgb(66, 66, 66); font-family: tahoma, sans-serif; font-size: 14px;\">فوليوبتاس ايت ايوت أسسيو ميندايست, أومنيوس دولار ريبيللينديوس. تيمبورايبيوس أيوتيم</p>\r\n\r\n<p dir=\"rtl\" style=\"margin: 0px 0px 10px; color: rgb(66, 66, 66); font-family: tahoma, sans-serif; font-size: 14px;\">كيواس موليستاياس أكسكيبتيوراي ساينت أوككايكاتاي كيبايدايتات نون بروفايدنت</p>\r\n\r\n<p dir=\"rtl\" style=\"margin: 0px 0px 10px; color: rgb(66, 66, 66); font-family: tahoma, sans-serif; font-size: 14px;\">أيت دولوريوم فيوجا.ايت هاريوم كيوايديم ريريوم فاكايلايسايست ايت أكسبيدايتا</p>\r\n\r\n<p dir=\"rtl\" style=\"margin: 0px 0px 10px; color: rgb(66, 66, 66); font-family: tahoma, sans-serif; font-size: 14px;\">كيوايبيوسدام ايت أوت</p>\r\n\r\n<p dir=\"rtl\" style=\"margin: 0px 0px 10px; color: rgb(66, 66, 66); font-family: tahoma, sans-serif; font-size: 14px;\">أوففايكايس ديبايتايس أيوت ريريوم نيسيسسايتاتايبيوس سايبي ايفينايت يوت ايت فوليبتاتيس&nbsp;</p>\r\n\r\n<p dir=\"rtl\" style=\"margin: 0px 0px 10px; color: rgb(66, 66, 66); font-family: tahoma, sans-serif; font-size: 14px;\">ريبيودايايانداي ساينت ايت موليسفاياي نون ريكيوسانداي.اتاكيوي ايريوم ريريوم هايس تينيتور</p>\r\n\r\n<p dir=\"rtl\" style=\"margin: 0px 0px 10px; color: rgb(66, 66, 66); font-family: tahoma, sans-serif; font-size: 14px;\">أ ساباينتي ديليكتيوس, يوت أيوت رياسايندايس فوليوبتاتايبص مايوريس ألايس</p>\r\n\r\n<p dir=\"rtl\" style=\"margin: 0px 0px 10px; color: rgb(66, 66, 66); font-family: tahoma, sans-serif; font-size: 14px;\">كونسيكيواتور أيوت بيرفيريندايس دولورايبيوس أسبيرايوريس ريبيللات&nbsp;</p>',16,0,1,1,'post','ar','1','2018-02-18 11:26:21','2018-02-22 12:32:43','2018-02-18 11:25:53'),(21,'هناك حقيقة مثبتة منذ زمن طويل و','هناك-حقيقة-مثبتة-منذ-زمن-طويل-و','أن المحتوى المقروء لصفحة ما سيلهي القارئ عن','<p><span open=\"\" sans=\"\" style=\"color: rgb(0, 0, 0); font-family: \">ناك حقيقة مثبتة منذ زمن طويل وهي أن المحتوى المقروء لصفحة ما سيلهي القارئ عن التركيز على الشكل الخارجي للنص أو شكل توضع الفقرات في الصفحة التي يقرأها. ولذلك يتم استخدام طريقة لوريم إيبسوم لأنها تعطي&nbsp;توزيعاَ طبيعياَ -إلى حد ما- للأحرف عوضاً عن استخدام &quot;هنا يوجد محتوى نصي، هنا يوجد محتوى نصي&quot; فتجعلها تبدو (أي الأحرف) وكأنها نص مقروء. العديد من برامح النشر المكتبي وبرامح تحرير صفحات الويب تستخدم لوريم إيبسوم بشكل إفتراضي كنموذج عن النص، وإذا قمت بإدخال &quot;lorem ipsum&quot; في أي محرك بحث ستظهر العديد من المواقع الحديثة العهد في نتائج البحث. على مدى السنين ظهرت نسخ جديدة ومختلفة من نص لوريم إيبسوم، أحياناً عن طريق الصدفة، وأحياناً عن عمد كإدخال بعض العبارات الفكاهية إليها.</span></p>',19,0,1,1,'post','ar','0','2018-02-18 18:42:25','2018-02-18 19:01:51','2018-02-18 18:40:59'),(26,'صفحة ما سيلهي القارئ عن التركيز على','هناك-حقيقة-مssثبتة-منذ-زمن-طويل-و','أن المحتوى المقروء لصفحة ما سيلهي القارئ عن','<p><span open=\"\" sans=\"\" style=\"color: rgb(0, 0, 0); font-family: \">ناك حقيقة مثبتة منذ زمن طويل وهي أن المحتوى المقروء لصفحة ما سيلهي القارئ عن التركيز على الشكل الخارجي للنص أو شكل توضع الفقرات في الصفحة التي يقرأها. ولذلك يتم استخدام طريقة لوريم إيبسوم لأنها تعطي&nbsp;توزيعاَ طبيعياَ -إلى حد ما- للأحرف عوضاً عن استخدام &quot;هنا يوجد محتوى نصي، هنا يوجد محتوى نصي&quot; فتجعلها تبدو (أي الأحرف) وكأنها نص مقروء. العديد من برامح النشر المكتبي وبرامح تحرير صفحات الويب تستخدم لوريم إيبسوم بشكل إفتراضي كنموذج عن النص، وإذا قمت بإدخال &quot;lorem ipsum&quot; في أي محرك بحث ستظهر العديد من المواقع الحديثة العهد في نتائج البحث. على مدى السنين ظهرت نسخ جديدة ومختلفة من نص لوريم إيبسوم، أحياناً عن طريق الصدفة، وأحياناً عن عمد كإدخال بعض العبارات الفكاهية إليها.</span></p>',9,0,1,1,'post','ar','0','2018-02-18 18:42:25','2018-02-18 18:58:16','2018-02-18 18:40:59'),(27,'يست ايلاجينداي أوبتايو','أت-في5ssرو-ايوسs','بلاندايتاييس برايسينتايوم فوليوبتاتيوم ديلينايتاي أتكيوي كورريوبتاي كيوأوس دولوريس أيت\r\nسيما يليكيوسيونت ان كيولبا كيواي أوفايكيا ديسيريونت موللايتايا انايماي, أيدي ايست لابوريوم','<p dir=\"rtl\" style=\"margin: 0px 0px 10px; color: rgb(66, 66, 66); font-family: tahoma, sans-serif; font-size: 14px;\">&nbsp;أت فيرو ايوس ايت أكيوساميوس ايت أيوستو أودايو دايجنايسسايموس ديوكايميوس كيواي</p>\r\n\r\n<p dir=\"rtl\" style=\"margin: 0px 0px 10px; color: rgb(66, 66, 66); font-family: tahoma, sans-serif; font-size: 14px;\">بلاندايتاييس برايسينتايوم فوليوبتاتيوم ديلينايتاي أتكيوي كورريوبتاي كيوأوس دولوريس أيت</p>\r\n\r\n<p dir=\"rtl\" style=\"margin: 0px 0px 10px; color: rgb(66, 66, 66); font-family: tahoma, sans-serif; font-size: 14px;\">سيما يليكيوسيونت ان كيولبا كيواي أوفايكيا ديسيريونت موللايتايا انايماي, أيدي ايست لابوريوم</p>\r\n\r\n<p dir=\"rtl\" style=\"margin: 0px 0px 10px; color: rgb(66, 66, 66); font-family: tahoma, sans-serif; font-size: 14px;\">دايستا ينستايو. نام لايبيرو تيمبور, كيوم سوليوتا نوبايس ايست ايلاجينداي أوبتايو كيومكيوي</p>\r\n\r\n<p dir=\"rtl\" style=\"margin: 0px 0px 10px; color: rgb(66, 66, 66); font-family: tahoma, sans-serif; font-size: 14px;\">نايهايل ايمبيدايت كيو ماينيوس ايدي كيوود ماكسهيمي بلاسايت فاسيري بوسسايميوس,أومنايس</p>\r\n\r\n<p dir=\"rtl\" style=\"margin: 0px 0px 10px; color: rgb(66, 66, 66); font-family: tahoma, sans-serif; font-size: 14px;\">فوليوبتاس ايت ايوت أسسيو ميندايست, أومنيوس دولار ريبيللينديوس. تيمبورايبيوس أيوتيم</p>\r\n\r\n<p dir=\"rtl\" style=\"margin: 0px 0px 10px; color: rgb(66, 66, 66); font-family: tahoma, sans-serif; font-size: 14px;\">كيواس موليستاياس أكسكيبتيوراي ساينت أوككايكاتاي كيبايدايتات نون بروفايدنت</p>\r\n\r\n<p dir=\"rtl\" style=\"margin: 0px 0px 10px; color: rgb(66, 66, 66); font-family: tahoma, sans-serif; font-size: 14px;\">أيت دولوريوم فيوجا.ايت هاريوم كيوايديم ريريوم فاكايلايسايست ايت أكسبيدايتا</p>\r\n\r\n<p dir=\"rtl\" style=\"margin: 0px 0px 10px; color: rgb(66, 66, 66); font-family: tahoma, sans-serif; font-size: 14px;\">كيوايبيوسدام ايت أوت</p>\r\n\r\n<p dir=\"rtl\" style=\"margin: 0px 0px 10px; color: rgb(66, 66, 66); font-family: tahoma, sans-serif; font-size: 14px;\">أوففايكايس ديبايتايس أيوت ريريوم نيسيسسايتاتايبيوس سايبي ايفينايت يوت ايت فوليبتاتيس&nbsp;</p>\r\n\r\n<p dir=\"rtl\" style=\"margin: 0px 0px 10px; color: rgb(66, 66, 66); font-family: tahoma, sans-serif; font-size: 14px;\">ريبيودايايانداي ساينت ايت موليسفاياي نون ريكيوسانداي.اتاكيوي ايريوم ريريوم هايس تينيتور</p>\r\n\r\n<p dir=\"rtl\" style=\"margin: 0px 0px 10px; color: rgb(66, 66, 66); font-family: tahoma, sans-serif; font-size: 14px;\">أ ساباينتي ديليكتيوس, يوت أيوت رياسايندايس فوليوبتاتايبص مايوريس ألايس</p>\r\n\r\n<p dir=\"rtl\" style=\"margin: 0px 0px 10px; color: rgb(66, 66, 66); font-family: tahoma, sans-serif; font-size: 14px;\">كونسيكيواتور أيوت بيرفيريندايس دولورايبيوس أسبيرايوريس ريبيللات&nbsp;</p>',16,0,1,1,'post','ar','4','2018-02-18 18:42:25','2018-03-01 20:58:34','2018-02-18 18:42:25'),(28,'ايست ايلاجينداي أوبتايو كيومكيوي','عندss-موافقه-العميل-المبدئdsdيه-6لى-التصميم','وخلافاَ للاعتقاد السائد فإن لوريم إيبسوم ليس نصاَ عشوائياً، بل إن له جذور في الأدب اللاتيني الكلاسيكي منذ العام 45 قبل الميلاد. من كتاب \"حول أقاصي الخير والشر\"','<p dir=\"rtl\" style=\"margin: 0px 0px 10px; color: rgb(66, 66, 66); font-family: tahoma, sans-serif; font-size: 14px;\">&nbsp;أت فيرو ايوس ايت أكيوساميوس ايت أيوستو أودايو دايجنايسسايموس ديوكايميوس كيواي</p>\r\n\r\n<p dir=\"rtl\" style=\"margin: 0px 0px 10px; color: rgb(66, 66, 66); font-family: tahoma, sans-serif; font-size: 14px;\">بلاندايتاييس برايسينتايوم فوليوبتاتيوم ديلينايتاي أتكيوي كورريوبتاي كيوأوس دولوريس أيت</p>\r\n\r\n<p dir=\"rtl\" style=\"margin: 0px 0px 10px; color: rgb(66, 66, 66); font-family: tahoma, sans-serif; font-size: 14px;\">سيما يليكيوسيونت ان كيولبا كيواي أوفايكيا ديسيريونت موللايتايا انايماي, أيدي ايست لابوريوم</p>\r\n\r\n<p dir=\"rtl\" style=\"margin: 0px 0px 10px; color: rgb(66, 66, 66); font-family: tahoma, sans-serif; font-size: 14px;\">دايستا ينستايو. نام لايبيرو تيمبور, كيوم سوليوتا نوبايس ايست ايلاجينداي أوبتايو كيومكيوي</p>\r\n\r\n<p dir=\"rtl\" style=\"margin: 0px 0px 10px; color: rgb(66, 66, 66); font-family: tahoma, sans-serif; font-size: 14px;\">نايهايل ايمبيدايت كيو ماينيوس ايدي كيوود ماكسهيمي بلاسايت فاسيري بوسسايميوس,أومنايس</p>\r\n\r\n<p dir=\"rtl\" style=\"margin: 0px 0px 10px; color: rgb(66, 66, 66); font-family: tahoma, sans-serif; font-size: 14px;\">فوليوبتاس ايت ايوت أسسيو ميندايست, أومنيوس دولار ريبيللينديوس. تيمبورايبيوس أيوتيم</p>\r\n\r\n<p dir=\"rtl\" style=\"margin: 0px 0px 10px; color: rgb(66, 66, 66); font-family: tahoma, sans-serif; font-size: 14px;\">كيواس موليستاياس أكسكيبتيوراي ساينت أوككايكاتاي كيبايدايتات نون بروفايدنت</p>\r\n\r\n<p dir=\"rtl\" style=\"margin: 0px 0px 10px; color: rgb(66, 66, 66); font-family: tahoma, sans-serif; font-size: 14px;\">أيت دولوريوم فيوجا.ايت هاريوم كيوايديم ريريوم فاكايلايسايست ايت أكسبيدايتا</p>\r\n\r\n<p dir=\"rtl\" style=\"margin: 0px 0px 10px; color: rgb(66, 66, 66); font-family: tahoma, sans-serif; font-size: 14px;\">كيوايبيوسدام ايت أوت</p>\r\n\r\n<p dir=\"rtl\" style=\"margin: 0px 0px 10px; color: rgb(66, 66, 66); font-family: tahoma, sans-serif; font-size: 14px;\">أوففايكايس ديبايتايس أيوت ريريوم نيسيسسايتاتايبيوس سايبي ايفينايت يوت ايت فوليبتاتيس&nbsp;</p>\r\n\r\n<p dir=\"rtl\" style=\"margin: 0px 0px 10px; color: rgb(66, 66, 66); font-family: tahoma, sans-serif; font-size: 14px;\">ريبيودايايانداي ساينت ايت موليسفاياي نون ريكيوسانداي.اتاكيوي ايريوم ريريوم هايس تينيتور</p>\r\n\r\n<p dir=\"rtl\" style=\"margin: 0px 0px 10px; color: rgb(66, 66, 66); font-family: tahoma, sans-serif; font-size: 14px;\">أ ساباينتي ديليكتيوس, يوت أيوت رياسايندايس فوليوبتاتايبص مايوريس ألايس</p>\r\n\r\n<p dir=\"rtl\" style=\"margin: 0px 0px 10px; color: rgb(66, 66, 66); font-family: tahoma, sans-serif; font-size: 14px;\">كونسيكيواتور أيوت بيرفيريندايس دولورايبيوس أسبيرايوريس ريبيللات&nbsp;</p>',8,0,1,1,'post','ar','0','2018-02-18 11:25:44','2018-02-18 11:25:44','2018-02-18 11:24:29'),(29,'أكسير سيتاشن يللأمكو','النهائية الم5طلوبة للتصميم555','وريم ايبسوم هو نموذج افتراضي يوضع في التصاميم لتعرض على العميل ليتصور طريقه وضع النصوص بالتصاميم سواء كانت تصاميم مطبوعه ... بروشور او فلاير على سبيل المثال ... او نماذج مواقع انترنت','<p dir=\"rtl\" style=\"margin: 0px 0px 10px; color: rgb(66, 66, 66); font-family: tahoma, sans-serif; font-size: 14px;\">وعند موافقه العميل المبدئيه على التصميم يتم ازالة هذا النص من التصميم ويتم وضع النصوص النهائية المطلوبة للتصميم ويقول البعض ان وضع النصوص التجريبية بالتصميم قد تشغل المشاهد عن وضع الكثير من الملاحظات او الانتقادات للتصميم الاساسي.</p>\r\n\r\n<p dir=\"rtl\" style=\"margin: 0px 0px 10px; color: rgb(66, 66, 66); font-family: tahoma, sans-serif; font-size: 14px;\">وخلافاَ للاعتقاد السائد فإن لوريم إيبسوم ليس نصاَ عشوائياً، بل إن له جذور في&nbsp;الأدب اللاتيني&nbsp;الكلاسيكي منذ العام 45 قبل الميلاد.&nbsp;من&nbsp;كتاب&nbsp;&quot;حول أقاصي الخير والشر&quot;</p>\r\n\r\n<p dir=\"rtl\" style=\"margin: 0px 0px 10px; color: rgb(66, 66, 66); font-family: tahoma, sans-serif; font-size: 14px;\">لوريم ايبسوم&nbsp;دولار سيت أميت ,كونسيكتيتور أدايبا يسكينج أليايت,سيت دو أيوسمود تيمبور</p>\r\n\r\n<p dir=\"rtl\" style=\"margin: 0px 0px 10px; color: rgb(66, 66, 66); font-family: tahoma, sans-serif; font-size: 14px;\">أنكايديديونتيوت لابوري ات دولار ماجنا أليكيوا . يوت انيم أد مينيم فينايم,كيواس نوستريد</p>\r\n\r\n<p dir=\"rtl\" style=\"margin: 0px 0px 10px; color: rgb(66, 66, 66); font-family: tahoma, sans-serif; font-size: 14px;\">أكسير سيتاشن يللأمكو لابورأس نيسي يت أليكيوب أكس أيا كوممودو كونسيكيوات . ديواس</p>\r\n\r\n<p dir=\"rtl\" style=\"margin: 0px 0px 10px; color: rgb(66, 66, 66); font-family: tahoma, sans-serif; font-size: 14px;\">أيوتي أريري دولار إن ريبريهينديرأيت فوليوبتاتي فيلايت أيسسي كايلليوم دولار أيو فيجايت</p>\r\n\r\n<p dir=\"rtl\" style=\"margin: 0px 0px 10px; color: rgb(66, 66, 66); font-family: tahoma, sans-serif; font-size: 14px;\">نيولا باراياتيور. أيكسسيبتيور ساينت أوككايكات كيوبايداتات نون بروايدينت ,سيونت ان كيولبا</p>\r\n\r\n<p dir=\"rtl\" style=\"margin: 0px 0px 10px; color: rgb(66, 66, 66); font-family: tahoma, sans-serif; font-size: 14px;\">كيو أوفيسيا ديسيريونتموليت انيم أيدي ايست لابوريوم.&quot;</p>\r\n\r\n<p dir=\"rtl\" style=\"margin: 0px 0px 10px; color: rgb(66, 66, 66); font-family: tahoma, sans-serif; font-size: 14px;\">&quot;سيت يتبيرسبايكياتيس يوندي أومنيس أستي ناتيس أيررور سيت فوليبتاتيم أكيسأنتييوم</p>\r\n\r\n<p dir=\"rtl\" style=\"margin: 0px 0px 10px; color: rgb(66, 66, 66); font-family: tahoma, sans-serif; font-size: 14px;\">دولاريمكيو لايودانتيوم,توتام ريم أبيرأم,أيكيو أبسا كيواي أب أللو أنفينتوري فيرأتاتيس ايت</p>\r\n\r\n<p dir=\"rtl\" style=\"margin: 0px 0px 10px; color: rgb(66, 66, 66); font-family: tahoma, sans-serif; font-size: 14px;\">كياسي أرشيتيكتو بيتاي فيتاي ديكاتا سيونت أكسبليكابو. نيمو أنيم أبسام فوليوباتاتيم كيواي</p>\r\n\r\n<p dir=\"rtl\" style=\"margin: 0px 0px 10px; color: rgb(66, 66, 66); font-family: tahoma, sans-serif; font-size: 14px;\">فوليوبتاس سايت أسبيرناتشر أيوت أودايت أيوت فيوجايت, سيد كيواي كونسيكيونتشر ماجناي</p>\r\n\r\n<p dir=\"rtl\" style=\"margin: 0px 0px 10px; color: rgb(66, 66, 66); font-family: tahoma, sans-serif; font-size: 14px;\">دولارس أيوس كيواي راتاشن فوليوبتاتيم سيكيواي نيسكايونت. نيكيو بوررو كيوايسكيوم</p>\r\n\r\n<p dir=\"rtl\" style=\"margin: 0px 0px 10px; color: rgb(66, 66, 66); font-family: tahoma, sans-serif; font-size: 14px;\">ايست,كيواي دولوريم ايبسيوم كيوا دولار سايت أميت, كونسيكتيتيور,أديبايسكاي فيلايت, سيد</p>\r\n\r\n<p dir=\"rtl\" style=\"margin: 0px 0px 10px; color: rgb(66, 66, 66); font-family: tahoma, sans-serif; font-size: 14px;\">كيواي نون نيومكيوام ايايوس موداي تيمبورا انكايديونت يوت لابوري أيت دولار ماجنام</p>\r\n\r\n<p dir=\"rtl\" style=\"margin: 0px 0px 10px; color: rgb(66, 66, 66); font-family: tahoma, sans-serif; font-size: 14px;\">ألايكيوام كيوايرات فوليوبتاتيم. يوت اينايم أد مينيما فينيام, كيواس نوستريوم أكسيركايتاشيم</p>\r\n\r\n<p dir=\"rtl\" style=\"margin: 0px 0px 10px; color: rgb(66, 66, 66); font-family: tahoma, sans-serif; font-size: 14px;\">يلامكوربوريس سيوسكايبيت لابورايوسام, نايساي يوت ألايكيوايد أكس أيا كوموداي</p>\r\n\r\n<p dir=\"rtl\" style=\"margin: 0px 0px 10px; color: rgb(66, 66, 66); font-family: tahoma, sans-serif; font-size: 14px;\">كونسيكيواتشر؟ كيوايس أيوتيم فيل أيوم أيوري ريبريهينديرايت كيواي ان إيا فوليوبتاتي</p>\r\n\r\n<p dir=\"rtl\" style=\"margin: 0px 0px 10px; color: rgb(66, 66, 66); font-family: tahoma, sans-serif; font-size: 14px;\">فيلايت ايسسي كيوم نايهايل موليستايا كونسيكيواتيو,فيلايليوم كيواي دولوريم أيوم فيوجايات كيو</p>\r\n\r\n<p dir=\"rtl\" style=\"margin: 0px 0px 10px; color: rgb(66, 66, 66); font-family: tahoma, sans-serif; font-size: 14px;\">فوليوبتاس نيولا باراياتيور؟&quot;</p>',27,0,1,1,'post','ar','2','2018-02-18 18:42:25','2018-02-27 19:10:39','2018-02-18 18:42:25'),(30,'كوممودو كونسيكيوات','النهddائية الم5طلوبة للتصميم555','وريم ايبسوم هو نموذج افتراضي يوضع في التصاميم لتعرض على العميل ليتصور طريقه وضع النصوص بالتصاميم سواء كانت تصاميم مطبوعه ... بروشور او فلاير على سبيل المثال ... او نماذج مواقع انترنت','<p dir=\"rtl\" style=\"margin: 0px 0px 10px; color: rgb(66, 66, 66); font-family: tahoma, sans-serif; font-size: 14px;\">وعند موافقه العميل المبدئيه على التصميم يتم ازالة هذا النص من التصميم ويتم وضع النصوص النهائية المطلوبة للتصميم ويقول البعض ان وضع النصوص التجريبية بالتصميم قد تشغل المشاهد عن وضع الكثير من الملاحظات او الانتقادات للتصميم الاساسي.</p>\r\n\r\n<p dir=\"rtl\" style=\"margin: 0px 0px 10px; color: rgb(66, 66, 66); font-family: tahoma, sans-serif; font-size: 14px;\">وخلافاَ للاعتقاد السائد فإن لوريم إيبسوم ليس نصاَ عشوائياً، بل إن له جذور في&nbsp;الأدب اللاتيني&nbsp;الكلاسيكي منذ العام 45 قبل الميلاد.&nbsp;من&nbsp;كتاب&nbsp;&quot;حول أقاصي الخير والشر&quot;</p>\r\n\r\n<p dir=\"rtl\" style=\"margin: 0px 0px 10px; color: rgb(66, 66, 66); font-family: tahoma, sans-serif; font-size: 14px;\">لوريم ايبسوم&nbsp;دولار سيت أميت ,كونسيكتيتور أدايبا يسكينج أليايت,سيت دو أيوسمود تيمبور</p>\r\n\r\n<p dir=\"rtl\" style=\"margin: 0px 0px 10px; color: rgb(66, 66, 66); font-family: tahoma, sans-serif; font-size: 14px;\">أنكايديديونتيوت لابوري ات دولار ماجنا أليكيوا . يوت انيم أد مينيم فينايم,كيواس نوستريد</p>\r\n\r\n<p dir=\"rtl\" style=\"margin: 0px 0px 10px; color: rgb(66, 66, 66); font-family: tahoma, sans-serif; font-size: 14px;\">أكسير سيتاشن يللأمكو لابورأس نيسي يت أليكيوب أكس أيا كوممودو كونسيكيوات . ديواس</p>\r\n\r\n<p dir=\"rtl\" style=\"margin: 0px 0px 10px; color: rgb(66, 66, 66); font-family: tahoma, sans-serif; font-size: 14px;\">أيوتي أريري دولار إن ريبريهينديرأيت فوليوبتاتي فيلايت أيسسي كايلليوم دولار أيو فيجايت</p>\r\n\r\n<p dir=\"rtl\" style=\"margin: 0px 0px 10px; color: rgb(66, 66, 66); font-family: tahoma, sans-serif; font-size: 14px;\">نيولا باراياتيور. أيكسسيبتيور ساينت أوككايكات كيوبايداتات نون بروايدينت ,سيونت ان كيولبا</p>\r\n\r\n<p dir=\"rtl\" style=\"margin: 0px 0px 10px; color: rgb(66, 66, 66); font-family: tahoma, sans-serif; font-size: 14px;\">كيو أوفيسيا ديسيريونتموليت انيم أيدي ايست لابوريوم.&quot;</p>\r\n\r\n<p dir=\"rtl\" style=\"margin: 0px 0px 10px; color: rgb(66, 66, 66); font-family: tahoma, sans-serif; font-size: 14px;\">&quot;سيت يتبيرسبايكياتيس يوندي أومنيس أستي ناتيس أيررور سيت فوليبتاتيم أكيسأنتييوم</p>\r\n\r\n<p dir=\"rtl\" style=\"margin: 0px 0px 10px; color: rgb(66, 66, 66); font-family: tahoma, sans-serif; font-size: 14px;\">دولاريمكيو لايودانتيوم,توتام ريم أبيرأم,أيكيو أبسا كيواي أب أللو أنفينتوري فيرأتاتيس ايت</p>\r\n\r\n<p dir=\"rtl\" style=\"margin: 0px 0px 10px; color: rgb(66, 66, 66); font-family: tahoma, sans-serif; font-size: 14px;\">كياسي أرشيتيكتو بيتاي فيتاي ديكاتا سيونت أكسبليكابو. نيمو أنيم أبسام فوليوباتاتيم كيواي</p>\r\n\r\n<p dir=\"rtl\" style=\"margin: 0px 0px 10px; color: rgb(66, 66, 66); font-family: tahoma, sans-serif; font-size: 14px;\">فوليوبتاس سايت أسبيرناتشر أيوت أودايت أيوت فيوجايت, سيد كيواي كونسيكيونتشر ماجناي</p>\r\n\r\n<p dir=\"rtl\" style=\"margin: 0px 0px 10px; color: rgb(66, 66, 66); font-family: tahoma, sans-serif; font-size: 14px;\">دولارس أيوس كيواي راتاشن فوليوبتاتيم سيكيواي نيسكايونت. نيكيو بوررو كيوايسكيوم</p>\r\n\r\n<p dir=\"rtl\" style=\"margin: 0px 0px 10px; color: rgb(66, 66, 66); font-family: tahoma, sans-serif; font-size: 14px;\">ايست,كيواي دولوريم ايبسيوم كيوا دولار سايت أميت, كونسيكتيتيور,أديبايسكاي فيلايت, سيد</p>\r\n\r\n<p dir=\"rtl\" style=\"margin: 0px 0px 10px; color: rgb(66, 66, 66); font-family: tahoma, sans-serif; font-size: 14px;\">كيواي نون نيومكيوام ايايوس موداي تيمبورا انكايديونت يوت لابوري أيت دولار ماجنام</p>\r\n\r\n<p dir=\"rtl\" style=\"margin: 0px 0px 10px; color: rgb(66, 66, 66); font-family: tahoma, sans-serif; font-size: 14px;\">ألايكيوام كيوايرات فوليوبتاتيم. يوت اينايم أد مينيما فينيام, كيواس نوستريوم أكسيركايتاشيم</p>\r\n\r\n<p dir=\"rtl\" style=\"margin: 0px 0px 10px; color: rgb(66, 66, 66); font-family: tahoma, sans-serif; font-size: 14px;\">يلامكوربوريس سيوسكايبيت لابورايوسام, نايساي يوت ألايكيوايد أكس أيا كوموداي</p>\r\n\r\n<p dir=\"rtl\" style=\"margin: 0px 0px 10px; color: rgb(66, 66, 66); font-family: tahoma, sans-serif; font-size: 14px;\">كونسيكيواتشر؟ كيوايس أيوتيم فيل أيوم أيوري ريبريهينديرايت كيواي ان إيا فوليوبتاتي</p>\r\n\r\n<p dir=\"rtl\" style=\"margin: 0px 0px 10px; color: rgb(66, 66, 66); font-family: tahoma, sans-serif; font-size: 14px;\">فيلايت ايسسي كيوم نايهايل موليستايا كونسيكيواتيو,فيلايليوم كيواي دولوريم أيوم فيوجايات كيو</p>\r\n\r\n<p dir=\"rtl\" style=\"margin: 0px 0px 10px; color: rgb(66, 66, 66); font-family: tahoma, sans-serif; font-size: 14px;\">فوليوبتاس نيولا باراياتيور؟&quot;</p>',24,0,1,1,'post','ar','1','2018-02-18 18:42:25','2018-02-26 16:29:23','2018-02-18 18:42:25'),(31,'دايجنايسسايموس','عندss-موddافقه-العميل-المبدئdsdيه-6لى-التصميم','وخلافاَ للاعتقاد السائد فإن لوريم إيبسوم ليس نصاَ عشوائياً، بل إن له جذور في الأدب اللاتيني الكلاسيكي منذ العام 45 قبل الميلاد. من كتاب \"حول أقاصي الخير والشر\"','<p dir=\"rtl\" style=\"margin: 0px 0px 10px; color: rgb(66, 66, 66); font-family: tahoma, sans-serif; font-size: 14px;\">&nbsp;أت فيرو ايوس ايت أكيوساميوس ايت أيوستو أودايو دايجنايسسايموس ديوكايميوس كيواي</p>\r\n\r\n<p dir=\"rtl\" style=\"margin: 0px 0px 10px; color: rgb(66, 66, 66); font-family: tahoma, sans-serif; font-size: 14px;\">بلاندايتاييس برايسينتايوم فوليوبتاتيوم ديلينايتاي أتكيوي كورريوبتاي كيوأوس دولوريس أيت</p>\r\n\r\n<p dir=\"rtl\" style=\"margin: 0px 0px 10px; color: rgb(66, 66, 66); font-family: tahoma, sans-serif; font-size: 14px;\">سيما يليكيوسيونت ان كيولبا كيواي أوفايكيا ديسيريونت موللايتايا انايماي, أيدي ايست لابوريوم</p>\r\n\r\n<p dir=\"rtl\" style=\"margin: 0px 0px 10px; color: rgb(66, 66, 66); font-family: tahoma, sans-serif; font-size: 14px;\">دايستا ينستايو. نام لايبيرو تيمبور, كيوم سوليوتا نوبايس ايست ايلاجينداي أوبتايو كيومكيوي</p>\r\n\r\n<p dir=\"rtl\" style=\"margin: 0px 0px 10px; color: rgb(66, 66, 66); font-family: tahoma, sans-serif; font-size: 14px;\">نايهايل ايمبيدايت كيو ماينيوس ايدي كيوود ماكسهيمي بلاسايت فاسيري بوسسايميوس,أومنايس</p>\r\n\r\n<p dir=\"rtl\" style=\"margin: 0px 0px 10px; color: rgb(66, 66, 66); font-family: tahoma, sans-serif; font-size: 14px;\">فوليوبتاس ايت ايوت أسسيو ميندايست, أومنيوس دولار ريبيللينديوس. تيمبورايبيوس أيوتيم</p>\r\n\r\n<p dir=\"rtl\" style=\"margin: 0px 0px 10px; color: rgb(66, 66, 66); font-family: tahoma, sans-serif; font-size: 14px;\">كيواس موليستاياس أكسكيبتيوراي ساينت أوككايكاتاي كيبايدايتات نون بروفايدنت</p>\r\n\r\n<p dir=\"rtl\" style=\"margin: 0px 0px 10px; color: rgb(66, 66, 66); font-family: tahoma, sans-serif; font-size: 14px;\">أيت دولوريوم فيوجا.ايت هاريوم كيوايديم ريريوم فاكايلايسايست ايت أكسبيدايتا</p>\r\n\r\n<p dir=\"rtl\" style=\"margin: 0px 0px 10px; color: rgb(66, 66, 66); font-family: tahoma, sans-serif; font-size: 14px;\">كيوايبيوسدام ايت أوت</p>\r\n\r\n<p dir=\"rtl\" style=\"margin: 0px 0px 10px; color: rgb(66, 66, 66); font-family: tahoma, sans-serif; font-size: 14px;\">أوففايكايس ديبايتايس أيوت ريريوم نيسيسسايتاتايبيوس سايبي ايفينايت يوت ايت فوليبتاتيس&nbsp;</p>\r\n\r\n<p dir=\"rtl\" style=\"margin: 0px 0px 10px; color: rgb(66, 66, 66); font-family: tahoma, sans-serif; font-size: 14px;\">ريبيودايايانداي ساينت ايت موليسفاياي نون ريكيوسانداي.اتاكيوي ايريوم ريريوم هايس تينيتور</p>\r\n\r\n<p dir=\"rtl\" style=\"margin: 0px 0px 10px; color: rgb(66, 66, 66); font-family: tahoma, sans-serif; font-size: 14px;\">أ ساباينتي ديليكتيوس, يوت أيوت رياسايندايس فوليوبتاتايبص مايوريس ألايس</p>\r\n\r\n<p dir=\"rtl\" style=\"margin: 0px 0px 10px; color: rgb(66, 66, 66); font-family: tahoma, sans-serif; font-size: 14px;\">كونسيكيواتور أيوت بيرفيريندايس دولورايبيوس أسبيرايوريس ريبيللات&nbsp;</p>',8,0,1,1,'post','ar','0','2018-02-18 11:25:44','2018-02-18 11:25:44','2018-02-18 11:24:29'),(32,'ديلينايتاي أتكيوي','أت-في5ssssرو-ايوسs','بلاندايتاييس برايسينتايوم فوليوبتاتيوم ديلينايتاي أتكيوي كورريوبتاي كيوأوس دولوريس أيت\r\nسيما يليكيوسيونت ان كيولبا كيواي أوفايكيا ديسيريونت موللايتايا انايماي, أيدي ايست لابوريوم','<p dir=\"rtl\" style=\"margin: 0px 0px 10px; color: rgb(66, 66, 66); font-family: tahoma, sans-serif; font-size: 14px;\">&nbsp;أت فيرو ايوس ايت أكيوساميوس ايت أيوستو أودايو دايجنايسسايموس ديوكايميوس كيواي</p>\r\n\r\n<p dir=\"rtl\" style=\"margin: 0px 0px 10px; color: rgb(66, 66, 66); font-family: tahoma, sans-serif; font-size: 14px;\">بلاندايتاييس برايسينتايوم فوليوبتاتيوم ديلينايتاي أتكيوي كورريوبتاي كيوأوس دولوريس أيت</p>\r\n\r\n<p dir=\"rtl\" style=\"margin: 0px 0px 10px; color: rgb(66, 66, 66); font-family: tahoma, sans-serif; font-size: 14px;\">سيما يليكيوسيونت ان كيولبا كيواي أوفايكيا ديسيريونت موللايتايا انايماي, أيدي ايست لابوريوم</p>\r\n\r\n<p dir=\"rtl\" style=\"margin: 0px 0px 10px; color: rgb(66, 66, 66); font-family: tahoma, sans-serif; font-size: 14px;\">دايستا ينستايو. نام لايبيرو تيمبور, كيوم سوليوتا نوبايس ايست ايلاجينداي أوبتايو كيومكيوي</p>\r\n\r\n<p dir=\"rtl\" style=\"margin: 0px 0px 10px; color: rgb(66, 66, 66); font-family: tahoma, sans-serif; font-size: 14px;\">نايهايل ايمبيدايت كيو ماينيوس ايدي كيوود ماكسهيمي بلاسايت فاسيري بوسسايميوس,أومنايس</p>\r\n\r\n<p dir=\"rtl\" style=\"margin: 0px 0px 10px; color: rgb(66, 66, 66); font-family: tahoma, sans-serif; font-size: 14px;\">فوليوبتاس ايت ايوت أسسيو ميندايست, أومنيوس دولار ريبيللينديوس. تيمبورايبيوس أيوتيم</p>\r\n\r\n<p dir=\"rtl\" style=\"margin: 0px 0px 10px; color: rgb(66, 66, 66); font-family: tahoma, sans-serif; font-size: 14px;\">كيواس موليستاياس أكسكيبتيوراي ساينت أوككايكاتاي كيبايدايتات نون بروفايدنت</p>\r\n\r\n<p dir=\"rtl\" style=\"margin: 0px 0px 10px; color: rgb(66, 66, 66); font-family: tahoma, sans-serif; font-size: 14px;\">أيت دولوريوم فيوجا.ايت هاريوم كيوايديم ريريوم فاكايلايسايست ايت أكسبيدايتا</p>\r\n\r\n<p dir=\"rtl\" style=\"margin: 0px 0px 10px; color: rgb(66, 66, 66); font-family: tahoma, sans-serif; font-size: 14px;\">كيوايبيوسدام ايت أوت</p>\r\n\r\n<p dir=\"rtl\" style=\"margin: 0px 0px 10px; color: rgb(66, 66, 66); font-family: tahoma, sans-serif; font-size: 14px;\">أوففايكايس ديبايتايس أيوت ريريوم نيسيسسايتاتايبيوس سايبي ايفينايت يوت ايت فوليبتاتيس&nbsp;</p>\r\n\r\n<p dir=\"rtl\" style=\"margin: 0px 0px 10px; color: rgb(66, 66, 66); font-family: tahoma, sans-serif; font-size: 14px;\">ريبيودايايانداي ساينت ايت موليسفاياي نون ريكيوسانداي.اتاكيوي ايريوم ريريوم هايس تينيتور</p>\r\n\r\n<p dir=\"rtl\" style=\"margin: 0px 0px 10px; color: rgb(66, 66, 66); font-family: tahoma, sans-serif; font-size: 14px;\">أ ساباينتي ديليكتيوس, يوت أيوت رياسايندايس فوليوبتاتايبص مايوريس ألايس</p>\r\n\r\n<p dir=\"rtl\" style=\"margin: 0px 0px 10px; color: rgb(66, 66, 66); font-family: tahoma, sans-serif; font-size: 14px;\">كونسيكيواتور أيوت بيرفيريندايس دولورايبيوس أسبيرايوريس ريبيللات&nbsp;</p>',25,0,1,1,'post','ar','0','2018-02-18 18:42:25','2018-02-18 19:08:13','2018-02-18 18:42:25'),(33,'طويل وهي أن المحتوى المقروء لصفحة','هناك-حقيقة-مssثبتة-منذds-زمن-طويل-و','أن المحتوى المقروء لصفحة ما سيلهي القارئ عن','<p><span open=\"\" sans=\"\" style=\"color: rgb(0, 0, 0); font-family: \">ناك حقيقة مثبتة منذ زمن طويل وهي أن المحتوى المقروء لصفحة ما سيلهي القارئ عن التركيز على الشكل الخارجي للنص أو شكل توضع الفقرات في الصفحة التي يقرأها. ولذلك يتم استخدام طريقة لوريم إيبسوم لأنها تعطي&nbsp;توزيعاَ طبيعياَ -إلى حد ما- للأحرف عوضاً عن استخدام &quot;هنا يوجد محتوى نصي، هنا يوجد محتوى نصي&quot; فتجعلها تبدو (أي الأحرف) وكأنها نص مقروء. العديد من برامح النشر المكتبي وبرامح تحرير صفحات الويب تستخدم لوريم إيبسوم بشكل إفتراضي كنموذج عن النص، وإذا قمت بإدخال &quot;lorem ipsum&quot; في أي محرك بحث ستظهر العديد من المواقع الحديثة العهد في نتائج البحث. على مدى السنين ظهرت نسخ جديدة ومختلفة من نص لوريم إيبسوم، أحياناً عن طريق الصدفة، وأحياناً عن عمد كإدخال بعض العبارات الفكاهية إليها.</span></p>',9,0,1,1,'post','ar','0','2018-02-18 18:42:25','2018-02-18 18:58:16','2018-02-18 18:40:59'),(34,'العديد من برامح النشر المكتبي','هناك-حقdsdsيقة-مثبتة-منذ-زمن-طويل-و','أن المحتوى المقروء لصفحة ما سيلهي القارئ عن','<p><span open=\"\" sans=\"\" style=\"color: rgb(0, 0, 0); font-family: \">ناك حقيقة مثبتة منذ زمن طويل وهي أن المحتوى المقروء لصفحة ما سيلهي القارئ عن التركيز على الشكل الخارجي للنص أو شكل توضع الفقرات في الصفحة التي يقرأها. ولذلك يتم استخدام طريقة لوريم إيبسوم لأنها تعطي&nbsp;توزيعاَ طبيعياَ -إلى حد ما- للأحرف عوضاً عن استخدام &quot;هنا يوجد محتوى نصي، هنا يوجد محتوى نصي&quot; فتجعلها تبدو (أي الأحرف) وكأنها نص مقروء. العديد من برامح النشر المكتبي وبرامح تحرير صفحات الويب تستخدم لوريم إيبسوم بشكل إفتراضي كنموذج عن النص، وإذا قمت بإدخال &quot;lorem ipsum&quot; في أي محرك بحث ستظهر العديد من المواقع الحديثة العهد في نتائج البحث. على مدى السنين ظهرت نسخ جديدة ومختلفة من نص لوريم إيبسوم، أحياناً عن طريق الصدفة، وأحياناً عن عمد كإدخال بعض العبارات الفكاهية إليها.</span></p>',19,0,1,1,'post','ar','0','2018-02-18 18:42:25','2018-02-18 19:01:51','2018-02-18 18:40:59'),(35,'برايسينتايوم فوليوبتاتيوم','أت-في5ssرو-dsaايوس','بلاندايتاييس برايسينتايوم فوليوبتاتيوم ديلينايتاي أتكيوي كورريوبتاي كيوأوس دولوريس أيت\r\nسيما يليكيوسيونت ان كيولبا كيواي أوفايكيا ديسيريونت موللايتايا انايماي, أيدي ايست لابوريوم','<p dir=\"rtl\" style=\"margin: 0px 0px 10px; color: rgb(66, 66, 66); font-family: tahoma, sans-serif; font-size: 14px;\">&nbsp;أت فيرو ايوس ايت أكيوساميوس ايت أيوستو أودايو دايجنايسسايموس ديوكايميوس كيواي</p>\r\n\r\n<p dir=\"rtl\" style=\"margin: 0px 0px 10px; color: rgb(66, 66, 66); font-family: tahoma, sans-serif; font-size: 14px;\">بلاندايتاييس برايسينتايوم فوليوبتاتيوم ديلينايتاي أتكيوي كورريوبتاي كيوأوس دولوريس أيت</p>\r\n\r\n<p dir=\"rtl\" style=\"margin: 0px 0px 10px; color: rgb(66, 66, 66); font-family: tahoma, sans-serif; font-size: 14px;\">سيما يليكيوسيونت ان كيولبا كيواي أوفايكيا ديسيريونت موللايتايا انايماي, أيدي ايست لابوريوم</p>\r\n\r\n<p dir=\"rtl\" style=\"margin: 0px 0px 10px; color: rgb(66, 66, 66); font-family: tahoma, sans-serif; font-size: 14px;\">دايستا ينستايو. نام لايبيرو تيمبور, كيوم سوليوتا نوبايس ايست ايلاجينداي أوبتايو كيومكيوي</p>\r\n\r\n<p dir=\"rtl\" style=\"margin: 0px 0px 10px; color: rgb(66, 66, 66); font-family: tahoma, sans-serif; font-size: 14px;\">نايهايل ايمبيدايت كيو ماينيوس ايدي كيوود ماكسهيمي بلاسايت فاسيري بوسسايميوس,أومنايس</p>\r\n\r\n<p dir=\"rtl\" style=\"margin: 0px 0px 10px; color: rgb(66, 66, 66); font-family: tahoma, sans-serif; font-size: 14px;\">فوليوبتاس ايت ايوت أسسيو ميندايست, أومنيوس دولار ريبيللينديوس. تيمبورايبيوس أيوتيم</p>\r\n\r\n<p dir=\"rtl\" style=\"margin: 0px 0px 10px; color: rgb(66, 66, 66); font-family: tahoma, sans-serif; font-size: 14px;\">كيواس موليستاياس أكسكيبتيوراي ساينت أوككايكاتاي كيبايدايتات نون بروفايدنت</p>\r\n\r\n<p dir=\"rtl\" style=\"margin: 0px 0px 10px; color: rgb(66, 66, 66); font-family: tahoma, sans-serif; font-size: 14px;\">أيت دولوريوم فيوجا.ايت هاريوم كيوايديم ريريوم فاكايلايسايست ايت أكسبيدايتا</p>\r\n\r\n<p dir=\"rtl\" style=\"margin: 0px 0px 10px; color: rgb(66, 66, 66); font-family: tahoma, sans-serif; font-size: 14px;\">كيوايبيوسدام ايت أوت</p>\r\n\r\n<p dir=\"rtl\" style=\"margin: 0px 0px 10px; color: rgb(66, 66, 66); font-family: tahoma, sans-serif; font-size: 14px;\">أوففايكايس ديبايتايس أيوت ريريوم نيسيسسايتاتايبيوس سايبي ايفينايت يوت ايت فوليبتاتيس&nbsp;</p>\r\n\r\n<p dir=\"rtl\" style=\"margin: 0px 0px 10px; color: rgb(66, 66, 66); font-family: tahoma, sans-serif; font-size: 14px;\">ريبيودايايانداي ساينت ايت موليسفاياي نون ريكيوسانداي.اتاكيوي ايريوم ريريوم هايس تينيتور</p>\r\n\r\n<p dir=\"rtl\" style=\"margin: 0px 0px 10px; color: rgb(66, 66, 66); font-family: tahoma, sans-serif; font-size: 14px;\">أ ساباينتي ديليكتيوس, يوت أيوت رياسايندايس فوليوبتاتايبص مايوريس ألايس</p>\r\n\r\n<p dir=\"rtl\" style=\"margin: 0px 0px 10px; color: rgb(66, 66, 66); font-family: tahoma, sans-serif; font-size: 14px;\">كونسيكيواتور أيوت بيرفيريندايس دولورايبيوس أسبيرايوريس ريبيللات&nbsp;</p>',16,0,1,1,'post','ar','0','2018-02-18 11:26:21','2018-02-18 17:55:41','2018-02-18 11:25:53'),(36,'يواس موليستاياس ','عند-موافقsdه-العميل-المبدئdsdيه-6لى-التصميم','وخلافاَ للاعتقاد السائد فإن لوريم إيبسوم ليس نصاَ عشوائياً، بل إن له جذور في الأدب اللاتيني الكلاسيكي منذ العام 45 قبل الميلاد. من كتاب \"حول أقاصي الخير والشر\"','<p dir=\"rtl\" style=\"margin: 0px 0px 10px; color: rgb(66, 66, 66); font-family: tahoma, sans-serif; font-size: 14px;\">&nbsp;أت فيرو ايوس ايت أكيوساميوس ايت أيوستو أودايو دايجنايسسايموس ديوكايميوس كيواي</p>\r\n\r\n<p dir=\"rtl\" style=\"margin: 0px 0px 10px; color: rgb(66, 66, 66); font-family: tahoma, sans-serif; font-size: 14px;\">بلاندايتاييس برايسينتايوم فوليوبتاتيوم ديلينايتاي أتكيوي كورريوبتاي كيوأوس دولوريس أيت</p>\r\n\r\n<p dir=\"rtl\" style=\"margin: 0px 0px 10px; color: rgb(66, 66, 66); font-family: tahoma, sans-serif; font-size: 14px;\">سيما يليكيوسيونت ان كيولبا كيواي أوفايكيا ديسيريونت موللايتايا انايماي, أيدي ايست لابوريوم</p>\r\n\r\n<p dir=\"rtl\" style=\"margin: 0px 0px 10px; color: rgb(66, 66, 66); font-family: tahoma, sans-serif; font-size: 14px;\">دايستا ينستايو. نام لايبيرو تيمبور, كيوم سوليوتا نوبايس ايست ايلاجينداي أوبتايو كيومكيوي</p>\r\n\r\n<p dir=\"rtl\" style=\"margin: 0px 0px 10px; color: rgb(66, 66, 66); font-family: tahoma, sans-serif; font-size: 14px;\">نايهايل ايمبيدايت كيو ماينيوس ايدي كيوود ماكسهيمي بلاسايت فاسيري بوسسايميوس,أومنايس</p>\r\n\r\n<p dir=\"rtl\" style=\"margin: 0px 0px 10px; color: rgb(66, 66, 66); font-family: tahoma, sans-serif; font-size: 14px;\">فوليوبتاس ايت ايوت أسسيو ميندايست, أومنيوس دولار ريبيللينديوس. تيمبورايبيوس أيوتيم</p>\r\n\r\n<p dir=\"rtl\" style=\"margin: 0px 0px 10px; color: rgb(66, 66, 66); font-family: tahoma, sans-serif; font-size: 14px;\">كيواس موليستاياس أكسكيبتيوراي ساينت أوككايكاتاي كيبايدايتات نون بروفايدنت</p>\r\n\r\n<p dir=\"rtl\" style=\"margin: 0px 0px 10px; color: rgb(66, 66, 66); font-family: tahoma, sans-serif; font-size: 14px;\">أيت دولوريوم فيوجا.ايت هاريوم كيوايديم ريريوم فاكايلايسايست ايت أكسبيدايتا</p>\r\n\r\n<p dir=\"rtl\" style=\"margin: 0px 0px 10px; color: rgb(66, 66, 66); font-family: tahoma, sans-serif; font-size: 14px;\">كيوايبيوسدام ايت أوت</p>\r\n\r\n<p dir=\"rtl\" style=\"margin: 0px 0px 10px; color: rgb(66, 66, 66); font-family: tahoma, sans-serif; font-size: 14px;\">أوففايكايس ديبايتايس أيوت ريريوم نيسيسسايتاتايبيوس سايبي ايفينايت يوت ايت فوليبتاتيس&nbsp;</p>\r\n\r\n<p dir=\"rtl\" style=\"margin: 0px 0px 10px; color: rgb(66, 66, 66); font-family: tahoma, sans-serif; font-size: 14px;\">ريبيودايايانداي ساينت ايت موليسفاياي نون ريكيوسانداي.اتاكيوي ايريوم ريريوم هايس تينيتور</p>\r\n\r\n<p dir=\"rtl\" style=\"margin: 0px 0px 10px; color: rgb(66, 66, 66); font-family: tahoma, sans-serif; font-size: 14px;\">أ ساباينتي ديليكتيوس, يوت أيوت رياسايندايس فوليوبتاتايبص مايوريس ألايس</p>\r\n\r\n<p dir=\"rtl\" style=\"margin: 0px 0px 10px; color: rgb(66, 66, 66); font-family: tahoma, sans-serif; font-size: 14px;\">كونسيكيواتور أيوت بيرفيريندايس دولورايبيوس أسبيرايوريس ريبيللات&nbsp;</p>',8,0,1,1,'post','ar','0','2018-02-18 11:25:44','2018-02-18 11:25:44','2018-02-18 11:24:29'),(37,'المبدئيه على التصميم يتم ','النهائية المطلوبة للتصميمds555','وريم ايبسوم هو نموذج افتراضي يوضع في التصاميم لتعرض على العميل ليتصور طريقه وضع النصوص بالتصاميم سواء كانت تصاميم مطبوعه ... بروشور او فلاير على سبيل المثال ... او نماذج مواقع انترنت','<p dir=\"rtl\" style=\"margin: 0px 0px 10px; color: rgb(66, 66, 66); font-family: tahoma, sans-serif; font-size: 14px;\">وعند موافقه العميل المبدئيه على التصميم يتم ازالة هذا النص من التصميم ويتم وضع النصوص النهائية المطلوبة للتصميم ويقول البعض ان وضع النصوص التجريبية بالتصميم قد تشغل المشاهد عن وضع الكثير من الملاحظات او الانتقادات للتصميم الاساسي.</p>\r\n\r\n<p dir=\"rtl\" style=\"margin: 0px 0px 10px; color: rgb(66, 66, 66); font-family: tahoma, sans-serif; font-size: 14px;\">وخلافاَ للاعتقاد السائد فإن لوريم إيبسوم ليس نصاَ عشوائياً، بل إن له جذور في&nbsp;الأدب اللاتيني&nbsp;الكلاسيكي منذ العام 45 قبل الميلاد.&nbsp;من&nbsp;كتاب&nbsp;&quot;حول أقاصي الخير والشر&quot;</p>\r\n\r\n<p dir=\"rtl\" style=\"margin: 0px 0px 10px; color: rgb(66, 66, 66); font-family: tahoma, sans-serif; font-size: 14px;\">لوريم ايبسوم&nbsp;دولار سيت أميت ,كونسيكتيتور أدايبا يسكينج أليايت,سيت دو أيوسمود تيمبور</p>\r\n\r\n<p dir=\"rtl\" style=\"margin: 0px 0px 10px; color: rgb(66, 66, 66); font-family: tahoma, sans-serif; font-size: 14px;\">أنكايديديونتيوت لابوري ات دولار ماجنا أليكيوا . يوت انيم أد مينيم فينايم,كيواس نوستريد</p>\r\n\r\n<p dir=\"rtl\" style=\"margin: 0px 0px 10px; color: rgb(66, 66, 66); font-family: tahoma, sans-serif; font-size: 14px;\">أكسير سيتاشن يللأمكو لابورأس نيسي يت أليكيوب أكس أيا كوممودو كونسيكيوات . ديواس</p>\r\n\r\n<p dir=\"rtl\" style=\"margin: 0px 0px 10px; color: rgb(66, 66, 66); font-family: tahoma, sans-serif; font-size: 14px;\">أيوتي أريري دولار إن ريبريهينديرأيت فوليوبتاتي فيلايت أيسسي كايلليوم دولار أيو فيجايت</p>\r\n\r\n<p dir=\"rtl\" style=\"margin: 0px 0px 10px; color: rgb(66, 66, 66); font-family: tahoma, sans-serif; font-size: 14px;\">نيولا باراياتيور. أيكسسيبتيور ساينت أوككايكات كيوبايداتات نون بروايدينت ,سيونت ان كيولبا</p>\r\n\r\n<p dir=\"rtl\" style=\"margin: 0px 0px 10px; color: rgb(66, 66, 66); font-family: tahoma, sans-serif; font-size: 14px;\">كيو أوفيسيا ديسيريونتموليت انيم أيدي ايست لابوريوم.&quot;</p>\r\n\r\n<p dir=\"rtl\" style=\"margin: 0px 0px 10px; color: rgb(66, 66, 66); font-family: tahoma, sans-serif; font-size: 14px;\">&quot;سيت يتبيرسبايكياتيس يوندي أومنيس أستي ناتيس أيررور سيت فوليبتاتيم أكيسأنتييوم</p>\r\n\r\n<p dir=\"rtl\" style=\"margin: 0px 0px 10px; color: rgb(66, 66, 66); font-family: tahoma, sans-serif; font-size: 14px;\">دولاريمكيو لايودانتيوم,توتام ريم أبيرأم,أيكيو أبسا كيواي أب أللو أنفينتوري فيرأتاتيس ايت</p>\r\n\r\n<p dir=\"rtl\" style=\"margin: 0px 0px 10px; color: rgb(66, 66, 66); font-family: tahoma, sans-serif; font-size: 14px;\">كياسي أرشيتيكتو بيتاي فيتاي ديكاتا سيونت أكسبليكابو. نيمو أنيم أبسام فوليوباتاتيم كيواي</p>\r\n\r\n<p dir=\"rtl\" style=\"margin: 0px 0px 10px; color: rgb(66, 66, 66); font-family: tahoma, sans-serif; font-size: 14px;\">فوليوبتاس سايت أسبيرناتشر أيوت أودايت أيوت فيوجايت, سيد كيواي كونسيكيونتشر ماجناي</p>\r\n\r\n<p dir=\"rtl\" style=\"margin: 0px 0px 10px; color: rgb(66, 66, 66); font-family: tahoma, sans-serif; font-size: 14px;\">دولارس أيوس كيواي راتاشن فوليوبتاتيم سيكيواي نيسكايونت. نيكيو بوررو كيوايسكيوم</p>\r\n\r\n<p dir=\"rtl\" style=\"margin: 0px 0px 10px; color: rgb(66, 66, 66); font-family: tahoma, sans-serif; font-size: 14px;\">ايست,كيواي دولوريم ايبسيوم كيوا دولار سايت أميت, كونسيكتيتيور,أديبايسكاي فيلايت, سيد</p>\r\n\r\n<p dir=\"rtl\" style=\"margin: 0px 0px 10px; color: rgb(66, 66, 66); font-family: tahoma, sans-serif; font-size: 14px;\">كيواي نون نيومكيوام ايايوس موداي تيمبورا انكايديونت يوت لابوري أيت دولار ماجنام</p>\r\n\r\n<p dir=\"rtl\" style=\"margin: 0px 0px 10px; color: rgb(66, 66, 66); font-family: tahoma, sans-serif; font-size: 14px;\">ألايكيوام كيوايرات فوليوبتاتيم. يوت اينايم أد مينيما فينيام, كيواس نوستريوم أكسيركايتاشيم</p>\r\n\r\n<p dir=\"rtl\" style=\"margin: 0px 0px 10px; color: rgb(66, 66, 66); font-family: tahoma, sans-serif; font-size: 14px;\">يلامكوربوريس سيوسكايبيت لابورايوسام, نايساي يوت ألايكيوايد أكس أيا كوموداي</p>\r\n\r\n<p dir=\"rtl\" style=\"margin: 0px 0px 10px; color: rgb(66, 66, 66); font-family: tahoma, sans-serif; font-size: 14px;\">كونسيكيواتشر؟ كيوايس أيوتيم فيل أيوم أيوري ريبريهينديرايت كيواي ان إيا فوليوبتاتي</p>\r\n\r\n<p dir=\"rtl\" style=\"margin: 0px 0px 10px; color: rgb(66, 66, 66); font-family: tahoma, sans-serif; font-size: 14px;\">فيلايت ايسسي كيوم نايهايل موليستايا كونسيكيواتيو,فيلايليوم كيواي دولوريم أيوم فيوجايات كيو</p>\r\n\r\n<p dir=\"rtl\" style=\"margin: 0px 0px 10px; color: rgb(66, 66, 66); font-family: tahoma, sans-serif; font-size: 14px;\">فوليوبتاس نيولا باراياتيور؟&quot;</p>',2,0,1,1,'post','ar','0','2018-02-18 11:23:36','2018-02-18 17:57:47','2018-02-18 11:20:53'),(38,'consectetur adipiscing ','proin-eget-tortor-risus-775','Aspect','<p style=\"text-align: right;\">Vestibulum ac diam sit amet quam vehicula elementum sed sit amet dui. Mauris blandit aliquet elit, eget tincidunt nibh pulvinar a. Vestibulum ac diam sit amet quam vehicula elementum sed sit amet dui. Vivamus suscipit tortor eget felis porttitor volutpat. Lorem ipsum dolor sit amet, consectetur adipiscing elit. Praesent sapien massa, convallis a pellentesque nec, egestas non nisi. Vivamus suscipit tortor eget felis porttitor volutpat.</p>\r\n\r\n<p style=\"text-align: right;\">Mauris blandit aliquet elit, eget tincidunt nibh pulvinar a. Cras ultricies ligula sed magna dictum porta. Nulla porttitor accumsan tincidunt. Donec rutrum congue leo eget malesuada. Sed porttitor lectus nibh. Proin eget tortor risus. Vestibulum ante ipsum primis in faucibus orci luctus et ultrices posuere cubilia Curae; Donec velit neque, auctor sit amet aliquam vel, ullamcorper sit amet ligula.</p>\r\n\r\n<p style=\"text-align: right;\">Curabitur aliquet quam id dui posuere blandit. Pellentesque in ipsum id orci porta dapibus. Curabitur arcu erat, accumsan id imperdiet et, porttitor at sem. Cras ultricies ligula sed magna dictum porta. Lorem ipsum dolor sit amet, consectetur adipiscing elit. Pellentesque in ipsum id orci porta dapibus. Vivamus magna justo, lacinia eget consectetur sed, convallis at tellus.</p>\r\n\r\n<p style=\"text-align: right;\">Nulla porttitor accumsan tincidunt. Praesent sapien massa, convallis a pellentesque nec, egestas non nisi. Lorem ipsum dolor sit amet, consectetur adipiscing elit. Pellentesque in ipsum id orci porta dapibus. Vivamus suscipit tortor eget felis porttitor volutpat. Donec rutrum congue leo eget malesuada. Pellentesque in ipsum id orci porta dapibus.</p>',14,0,1,1,'post','ar','39','2018-02-13 10:23:47','2018-02-18 17:58:45','2018-02-13 10:23:06'),(39,'فوليوبتاس ايت ايوت أسسيو','أت-فيرdasو-ds','بلاندايتاييس برايسينتايوم فوليوبتاتيوم ديلينايتاي أتكيوي كورريوبتاي كيوأوس دولوريس أيت\r\n\r\nسيما يليكيوسيونت ان كيولبا كيواي أوفايكيا ديسيريونت موللايتايا انايماي, أيدي ايست لابوريوم','<p dir=\"rtl\" style=\"margin: 0px 0px 10px; color: rgb(66, 66, 66); font-family: tahoma, sans-serif; font-size: 14px;\">&nbsp;أت فيرو ايوس ايت أكيوساميوس ايت أيوستو أودايو دايجنايسسايموس ديوكايميوس كيواي</p>\r\n\r\n<p dir=\"rtl\" style=\"margin: 0px 0px 10px; color: rgb(66, 66, 66); font-family: tahoma, sans-serif; font-size: 14px;\">بلاندايتاييس برايسينتايوم فوليوبتاتيوم ديلينايتاي أتكيوي كورريوبتاي كيوأوس دولوريس أيت</p>\r\n\r\n<p dir=\"rtl\" style=\"margin: 0px 0px 10px; color: rgb(66, 66, 66); font-family: tahoma, sans-serif; font-size: 14px;\">سيما يليكيوسيونت ان كيولبا كيواي أوفايكيا ديسيريونت موللايتايا انايماي, أيدي ايست لابوريوم</p>\r\n\r\n<p dir=\"rtl\" style=\"margin: 0px 0px 10px; color: rgb(66, 66, 66); font-family: tahoma, sans-serif; font-size: 14px;\">دايستا ينستايو. نام لايبيرو تيمبور, كيوم سوليوتا نوبايس ايست ايلاجينداي أوبتايو كيومكيوي</p>\r\n\r\n<p dir=\"rtl\" style=\"margin: 0px 0px 10px; color: rgb(66, 66, 66); font-family: tahoma, sans-serif; font-size: 14px;\">نايهايل ايمبيدايت كيو ماينيوس ايدي كيوود ماكسهيمي بلاسايت فاسيري بوسسايميوس,أومنايس</p>\r\n\r\n<p dir=\"rtl\" style=\"margin: 0px 0px 10px; color: rgb(66, 66, 66); font-family: tahoma, sans-serif; font-size: 14px;\">فوليوبتاس ايت ايوت أسسيو ميندايست, أومنيوس دولار ريبيللينديوس. تيمبورايبيوس أيوتيم</p>\r\n\r\n<p dir=\"rtl\" style=\"margin: 0px 0px 10px; color: rgb(66, 66, 66); font-family: tahoma, sans-serif; font-size: 14px;\">كيواس موليستاياس أكسكيبتيوراي ساينت أوككايكاتاي كيبايدايتات نون بروفايدنت</p>\r\n\r\n<p dir=\"rtl\" style=\"margin: 0px 0px 10px; color: rgb(66, 66, 66); font-family: tahoma, sans-serif; font-size: 14px;\">أيت دولوريوم فيوجا.ايت هاريوم كيوايديم ريريوم فاكايلايسايست ايت أكسبيدايتا</p>\r\n\r\n<p dir=\"rtl\" style=\"margin: 0px 0px 10px; color: rgb(66, 66, 66); font-family: tahoma, sans-serif; font-size: 14px;\">كيوايبيوسدام ايت أوت</p>\r\n\r\n<p dir=\"rtl\" style=\"margin: 0px 0px 10px; color: rgb(66, 66, 66); font-family: tahoma, sans-serif; font-size: 14px;\">أوففايكايس ديبايتايس أيوت ريريوم نيسيسسايتاتايبيوس سايبي ايفينايت يوت ايت فوليبتاتيس&nbsp;</p>\r\n\r\n<p dir=\"rtl\" style=\"margin: 0px 0px 10px; color: rgb(66, 66, 66); font-family: tahoma, sans-serif; font-size: 14px;\">ريبيودايايانداي ساينت ايت موليسفاياي نون ريكيوسانداي.اتاكيوي ايريوم ريريوم هايس تينيتور</p>\r\n\r\n<p dir=\"rtl\" style=\"margin: 0px 0px 10px; color: rgb(66, 66, 66); font-family: tahoma, sans-serif; font-size: 14px;\">أ ساباينتي ديليكتيوس, يوت أيوت رياسايندايس فوليوبتاتايبص مايوريس ألايس</p>\r\n\r\n<p dir=\"rtl\" style=\"margin: 0px 0px 10px; color: rgb(66, 66, 66); font-family: tahoma, sans-serif; font-size: 14px;\">كونسيكيواتور أيوت بيرفيريندايس دولورايبيوس أسبيرايوريس ريبيللات&nbsp;</p>',1,0,1,1,'post','ar','1','2018-02-18 11:26:21','2018-03-01 12:52:21','2018-02-18 11:25:53'),(40,'تريزيجيه أساسيًا في تشكيل قاسم باشا أمام جلاطة سراي','تريزيجيه-أساسيا-في-تشكيل-قاسم-باشا-أمام-جلاطة-سراي','تريزيجيه أساسيًا في تشكيل قاسم باشا أمام جلاطة سراي','<div style=\"direction: rtl;\">أعلن&nbsp;فريق قاسم باشا التركي، تشكيل الفريق لملاقاة&nbsp;جلاطة سراي، بمنافسات الجولة 22 للدوري التركي.</div>\r\n\r\n<div style=\"direction: rtl;\">&nbsp;</div>\r\n\r\n<div style=\"direction: rtl;\">ويشارك المصري&nbsp;محمود حسن تريزيجيه&nbsp;في التشكيل الأساسي&nbsp;لفريقه قاسم باشا.</div>\r\n\r\n<div style=\"direction: rtl;\">&nbsp;</div>\r\n\r\n<div style=\"direction: rtl;\">يحتل&nbsp;جلاطة سراي&nbsp;المركز الثاني برصيد 44 نقطة وبفارق نقطتين عن المتصدر إسطنبول باشاك شهير، فيما يحتل&nbsp;قاسم باشا المركز 12 برصيد 26 نقطة.</div>',20,0,1,1,'post','ar','3','2018-02-18 20:31:13','2018-02-26 11:28:43','2018-02-18 20:30:18'),(41,' أساسيًا في تشكيل قاسم باشا أمام جلاطة سراي','تريزيجيه-أساسيا-في-تشكيل-قاسم-باشا-أمام-جلاطة-سراي-2',' أساسيًا في تشكيل قاسم باشا أمام جلاطة سراي','<div style=\"direction: rtl;\">أعلن&nbsp;فريق قاسم باشا التركي، تشكيل الفريق لملاقاة&nbsp;جلاطة سراي، بمنافسات الجولة 22 للدوري التركي.</div>\r\n\r\n<div style=\"direction: rtl;\">&nbsp;</div>\r\n\r\n<div style=\"direction: rtl;\">ويشارك المصري&nbsp;محمود حسن تريزيجيه&nbsp;في التشكيل الأساسي&nbsp;لفريقه قاسم باشا.</div>\r\n\r\n<div style=\"direction: rtl;\">&nbsp;</div>\r\n\r\n<div style=\"direction: rtl;\">يحتل&nbsp;جلاطة سراي&nbsp;المركز الثاني برصيد 44 نقطة وبفارق نقطتين عن المتصدر إسطنبول باشاك شهير، فيما يحتل&nbsp;قاسم باشا المركز 12 برصيد 26 نقطة.</div>',26,0,1,1,'post','ar','6','2018-02-18 20:32:04','2018-02-27 17:52:06','2018-02-18 20:31:42'),(42,'لتكوّن كتيّب بمثابة دليل أو مرجع شكلي لهذه الأحرف','لتكون-كتيب-بمثابة-دليل-أو-مرجع-شكلي-لهذه-الأحرف','لتكوّن كتيّب بمثابة دليل أو مرجع شكلي لهذه الأحرف','<div open=\"\" sans=\"\" style=\"margin: 0px 28.7969px 0px 14.3906px; padding: 0px; width: 436.797px; text-align: right; float: right; color: rgb(0, 0, 0); font-family: \">\r\n<p dir=\"rtl\" style=\"margin: 0px 0px 15px; padding: 0px; text-align: justify;\">لوريم إيبسوم(Lorem Ipsum) هو ببساطة نص شكلي (بمعنى أن الغاية هي الشكل وليس المحتوى) ويُستخدم في صناعات المطابع ودور النشر. كان لوريم إيبسوم ولايزال المعيار للنص الشكلي منذ القرن الخامس عشر عندما قامت مطبعة مجهولة برص مجموعة من الأحرف بشكل عشوائي أخذتها من نص، لتكوّن كتيّب بمثابة دليل أو مرجع شكلي لهذه الأحرف. خمسة قرون من الزمن لم تقضي على هذا النص، بل انه حتى صار مستخدماً وبشكله الأصلي في الطباعة والتنضيد الإلكتروني. انتشر بشكل كبير في ستينيّات هذا القرن مع إصدار رقائق &quot;ليتراسيت&quot; (Letraset) البلاستيكية تحوي مقاطع من هذا النص، وعاد لينتشر مرة أخرى مؤخراَ مع ظهور برامج النشر الإلكتروني مثل &quot;ألدوس بايج مايكر&quot; (Aldus PageMaker) والتي حوت أيضاً على نسخ من نص لوريم إيبسوم.</p>\r\n</div>\r\n\r\n<p>&nbsp;</p>',18,0,1,1,'album','ar','0','2018-02-19 21:23:08','2018-02-20 10:32:57','2018-02-19 21:19:56'),(43,'انتشر بشكل كبير في ستينيّات هذا القرن مع إصدار','انتشر-بشكل-كبير-في-ستينيات-هذا-القرن-مع-إصدار','انتشر بشكل كبير في ستينيّات هذا القرن مع إصدار',NULL,20,0,1,1,'album','ar','0','2018-02-20 10:23:15','2018-02-20 10:23:15','2018-02-20 10:22:49'),(44,'خلافاَ للإعتقاد السائد فإن لوريم','انتشر-بشكل-كبيرs-في-ستينيات-هذا-القرن-مع-إصدار','انتشر بشكل كبير في ستينيّات هذا القرن مع إصدار',NULL,12,0,1,1,'album','ar','2','2018-02-20 10:23:15','2018-02-27 19:09:39','2018-02-20 10:22:49'),(45,'يبسوم ليس نصاَ عشوائياً، بل إن له جذور في الأدب اللاتيني','لتكون-كتيب-بمثابة-دليل-أو-مرجع-شكلي-لهذه-الأحرفds','لتكوّن كتيّب بمثابة دليل أو مرجع شكلي لهذه الأحرف','<div open=\"\" sans=\"\" style=\"margin: 0px 28.7969px 0px 14.3906px; padding: 0px; width: 436.797px; text-align: right; float: right; color: rgb(0, 0, 0); font-family: \">\r\n<p dir=\"rtl\" style=\"margin: 0px 0px 15px; padding: 0px; text-align: justify;\">لوريم إيبسوم(Lorem Ipsum) هو ببساطة نص شكلي (بمعنى أن الغاية هي الشكل وليس المحتوى) ويُستخدم في صناعات المطابع ودور النشر. كان لوريم إيبسوم ولايزال المعيار للنص الشكلي منذ القرن الخامس عشر عندما قامت مطبعة مجهولة برص مجموعة من الأحرف بشكل عشوائي أخذتها من نص، لتكوّن كتيّب بمثابة دليل أو مرجع شكلي لهذه الأحرف. خمسة قرون من الزمن لم تقضي على هذا النص، بل انه حتى صار مستخدماً وبشكله الأصلي في الطباعة والتنضيد الإلكتروني. انتشر بشكل كبير في ستينيّات هذا القرن مع إصدار رقائق &quot;ليتراسيت&quot; (Letraset) البلاستيكية تحوي مقاطع من هذا النص، وعاد لينتشر مرة أخرى مؤخراَ مع ظهور برامج النشر الإلكتروني مثل &quot;ألدوس بايج مايكر&quot; (Aldus PageMaker) والتي حوت أيضاً على نسخ من نص لوريم إيبسوم.</p>\r\n</div>\r\n\r\n<p>&nbsp;</p>',17,0,1,1,'album','ar','0','2018-02-19 21:23:08','2018-02-20 10:32:10','2018-02-19 21:19:56'),(46,'الكلاسيكي منذ العام 45 قبل الميلا','لتكون-كتيب-بمثابة-دليل-أو-مرجع-شكلي-لهذه-الأحرفdsdsd','لتكوّن كتيّب بمثابة دليل أو مرجع شكلي لهذه الأحرف','<div open=\"\" sans=\"\" style=\"margin: 0px 28.7969px 0px 14.3906px; padding: 0px; width: 436.797px; text-align: right; float: right; color: rgb(0, 0, 0); font-family: \">\r\n<p dir=\"rtl\" style=\"margin: 0px 0px 15px; padding: 0px; text-align: justify;\">لوريم إيبسوم(Lorem Ipsum) هو ببساطة نص شكلي (بمعنى أن الغاية هي الشكل وليس المحتوى) ويُستخدم في صناعات المطابع ودور النشر. كان لوريم إيبسوم ولايزال المعيار للنص الشكلي منذ القرن الخامس عشر عندما قامت مطبعة مجهولة برص مجموعة من الأحرف بشكل عشوائي أخذتها من نص، لتكوّن كتيّب بمثابة دليل أو مرجع شكلي لهذه الأحرف. خمسة قرون من الزمن لم تقضي على هذا النص، بل انه حتى صار مستخدماً وبشكله الأصلي في الطباعة والتنضيد الإلكتروني. انتشر بشكل كبير في ستينيّات هذا القرن مع إصدار رقائق &quot;ليتراسيت&quot; (Letraset) البلاستيكية تحوي مقاطع من هذا النص، وعاد لينتشر مرة أخرى مؤخراَ مع ظهور برامج النشر الإلكتروني مثل &quot;ألدوس بايج مايكر&quot; (Aldus PageMaker) والتي حوت أيضاً على نسخ من نص لوريم إيبسوم.</p>\r\n</div>\r\n\r\n<p>&nbsp;</p>',11,0,1,1,'album','ar','0','2018-02-19 21:23:08','2018-02-20 12:04:07','2018-02-19 21:19:56'),(47,'مما يجعله أكثر من 2000 عام في القدم','انتشر-بشكل-كبيرs-في-ستينيات-هذا-القرن-مع-إصدارdsa','انتشر بشكل كبير في ستينيّات هذا القرن مع إصدار',NULL,14,0,1,1,'album','ar','0','2018-02-20 10:23:15','2018-02-20 10:32:41','2018-02-20 10:22:49'),(48,'قام البروفيسور \"ريتشارد ماك لينتوك','انتشر-بشdsaكل-كبير-في-ستينيات-هذا-القرن-مع-إصدار','انتشر بشكل كبير في ستينيّات هذا القرن مع إصدار',NULL,1,0,1,1,'album','ar','0','2018-02-20 10:23:15','2018-02-20 10:32:48','2018-02-20 10:22:49'),(49,'وهو بروفيسور اللغة اللاتينية في جامعة هامبدن-سيدني في فيرجينيا بالبحث عن أصول كلمة لاتينية غامضة','لتكون-كتيب-بمثابة-دليل-أdsو-مرجع-شكلي-لهذه-الأحرف','لتكوّن كتيّب بمثابة دليل أو مرجع شكلي لهذه الأحرف','<div open=\"\" sans=\"\" style=\"margin: 0px 28.7969px 0px 14.3906px; padding: 0px; width: 436.797px; text-align: right; float: right; color: rgb(0, 0, 0); font-family: \">\r\n<p dir=\"rtl\" style=\"margin: 0px 0px 15px; padding: 0px; text-align: justify;\">لوريم إيبسوم(Lorem Ipsum) هو ببساطة نص شكلي (بمعنى أن الغاية هي الشكل وليس المحتوى) ويُستخدم في صناعات المطابع ودور النشر. كان لوريم إيبسوم ولايزال المعيار للنص الشكلي منذ القرن الخامس عشر عندما قامت مطبعة مجهولة برص مجموعة من الأحرف بشكل عشوائي أخذتها من نص، لتكوّن كتيّب بمثابة دليل أو مرجع شكلي لهذه الأحرف. خمسة قرون من الزمن لم تقضي على هذا النص، بل انه حتى صار مستخدماً وبشكله الأصلي في الطباعة والتنضيد الإلكتروني. انتشر بشكل كبير في ستينيّات هذا القرن مع إصدار رقائق &quot;ليتراسيت&quot; (Letraset) البلاستيكية تحوي مقاطع من هذا النص، وعاد لينتشر مرة أخرى مؤخراَ مع ظهور برامج النشر الإلكتروني مثل &quot;ألدوس بايج مايكر&quot; (Aldus PageMaker) والتي حوت أيضاً على نسخ من نص لوريم إيبسوم.</p>\r\n</div>\r\n\r\n<p>&nbsp;</p>',2,0,1,1,'album','ar','0','2018-02-19 21:23:08','2018-02-20 11:40:01','2018-02-19 21:19:56'),(82,'اللغة اللاتينية في جامعة هامبدن-سيدني في فيرجينيا بالبحث عن أصول كلمة لاتينية غامضة','لتكون-كتيب-بيييمثابة-دليل-أdsو-مرجيييعd-شكلي-لهذه-الأحرف','لتكوّن كتيّب بمثايبة دليل أو مرجع شكلي لهذه الأحرف','<div open=\"\" sans=\"\" style=\"margin: 0px 28.7969px 0px 14.3906px; padding: 0px; width: 436.797px; text-align: right; float: right; color: rgb(0, 0, 0); font-family: \">\r\n<p dir=\"rtl\" style=\"margin: 0px 0px 15px; padding: 0px; text-align: justify;\">لوريم إيبسوم(Lorem Ipsum) هو ببساطة نص شكلي (بمعنى أن الغاية هي الشكل وليس المحتوى) ويُستخدم في صناعات المطابع ودور النشر. كان لوريم إيبسوم ولايزال المعيار للنص الشكلي منذ القرن الخامس عشر عندما قامت مطبعة مجهولة برص مجموعة من الأحرف بشكل عشوائي أخذتها من نص، لتكوّن كتيّب بمثابة دليل أو مرجع شكلي لهذه الأحرف. خمسة قرون من الزمن لم تقضي على هذا النص، بل انه حتى صار مستخدماً وبشكله الأصلي في الطباعة والتنضيد الإلكتروني. انتشر بشكل كبير في ستينيّات هذا القرن مع إصدار رقائق &quot;ليتراسيت&quot; (Letraset) البلاستيكية تحوي مقاطع من هذا النص، وعاد لينتشر مرة أخرى مؤخراَ مع ظهور برامج النشر الإلكتروني مثل &quot;ألدوس بايج مايكر&quot; (Aldus PageMaker) والتي حوت أيضاً على نسخ من نص لوريم إيبسوم.</p>\r\n</div>\r\n\r\n<p>&nbsp;</p>',2,0,1,1,'album','ar','0','2018-02-19 21:23:08','2018-02-20 11:40:01','2018-02-19 21:19:56'),(83,'قام  \"ريتشارد ماك لينتوك','يانتشر-بشdsaكل-كبيرd-في-ستينيات-هذا-القرن-مع-إصدار','انتشر بشكل كبير في ستينيّات هذا القرن مع إصدار',NULL,22,0,1,1,'album','ar','1','2018-02-20 10:23:15','2018-02-25 13:26:37','2018-02-20 10:22:49'),(84,'مما يجعله  عام في القدم','انتشر-بشكل-كبيرs-في-ستينيايت-هذا-sالقرن-مع-إصدارdsa','انتشر بشكل كبير في ستينيّات هذا القرن مع إصدار',NULL,23,0,1,1,'album','ar','0','2018-02-20 10:23:15','2018-02-20 12:02:35','2018-02-20 10:22:49'),(85,'منذ العام 45 قبل الميلا','لتكون-كdتيب-بمثابة-دليل-أو-مرجع-شكلي-لهذه-الأحرفdsdsdيي','لتكوّن كتيّب بمثابة دليل أو مرجع شكلي لهذه الأحرف','<div open=\"\" sans=\"\" style=\"margin: 0px 28.7969px 0px 14.3906px; padding: 0px; width: 436.797px; text-align: right; float: right; color: rgb(0, 0, 0); font-family: \">\r\n<p dir=\"rtl\" style=\"margin: 0px 0px 15px; padding: 0px; text-align: justify;\">لوريم إيبسوم(Lorem Ipsum) هو ببساطة نص شكلي (بمعنى أن الغاية هي الشكل وليس المحتوى) ويُستخدم في صناعات المطابع ودور النشر. كان لوريم إيبسوم ولايزال المعيار للنص الشكلي منذ القرن الخامس عشر عندما قامت مطبعة مجهولة برص مجموعة من الأحرف بشكل عشوائي أخذتها من نص، لتكوّن كتيّب بمثابة دليل أو مرجع شكلي لهذه الأحرف. خمسة قرون من الزمن لم تقضي على هذا النص، بل انه حتى صار مستخدماً وبشكله الأصلي في الطباعة والتنضيد الإلكتروني. انتشر بشكل كبير في ستينيّات هذا القرن مع إصدار رقائق &quot;ليتراسيت&quot; (Letraset) البلاستيكية تحوي مقاطع من هذا النص، وعاد لينتشر مرة أخرى مؤخراَ مع ظهور برامج النشر الإلكتروني مثل &quot;ألدوس بايج مايكر&quot; (Aldus PageMaker) والتي حوت أيضاً على نسخ من نص لوريم إيبسوم.</p>\r\n</div>\r\n\r\n<p>&nbsp;</p>',10,0,1,1,'album','ar','0','2018-02-19 21:23:08','2018-02-20 12:04:52','2018-02-19 21:19:56'),(86,'ليس نصاَ عشوائياً، بل إن له جذور في الأدب اللاتيني','لتكون-كتيب-بمييثابة-دليل-أو-مرجع-شكلي-لهذه-الأحرفds','لتكوّن كتيّب بمثابة دليل أو مرجع شكلي لهذه الأحرف','<div open=\"\" sans=\"\" style=\"margin: 0px 28.7969px 0px 14.3906px; padding: 0px; width: 436.797px; text-align: right; float: right; color: rgb(0, 0, 0); font-family: \">\r\n<p dir=\"rtl\" style=\"margin: 0px 0px 15px; padding: 0px; text-align: justify;\">لوريم إيبسوم(Lorem Ipsum) هو ببساطة نص شكلي (بمعنى أن الغاية هي الشكل وليس المحتوى) ويُستخدم في صناعات المطابع ودور النشر. كان لوريم إيبسوم ولايزال المعيار للنص الشكلي منذ القرن الخامس عشر عندما قامت مطبعة مجهولة برص مجموعة من الأحرف بشكل عشوائي أخذتها من نص، لتكوّن كتيّب بمثابة دليل أو مرجع شكلي لهذه الأحرف. خمسة قرون من الزمن لم تقضي على هذا النص، بل انه حتى صار مستخدماً وبشكله الأصلي في الطباعة والتنضيد الإلكتروني. انتشر بشكل كبير في ستينيّات هذا القرن مع إصدار رقائق &quot;ليتراسيت&quot; (Letraset) البلاستيكية تحوي مقاطع من هذا النص، وعاد لينتشر مرة أخرى مؤخراَ مع ظهور برامج النشر الإلكتروني مثل &quot;ألدوس بايج مايكر&quot; (Aldus PageMaker) والتي حوت أيضاً على نسخ من نص لوريم إيبسوم.</p>\r\n</div>\r\n\r\n<p>&nbsp;</p>',17,0,1,1,'album','ar','0','2018-02-19 21:23:08','2018-02-20 12:05:05','2018-02-19 21:19:56'),(87,'للإعتقاد فإن لوريم','انتشر-بشكل-كبيرs-في-ستينيات-هسذا-القرن-مع-إصداريي','انتشر بشكل كبير في ستينيّات هذا القرن مع إصدار',NULL,3,0,1,1,'album','ar','0','2018-02-20 10:23:15','2018-02-20 12:02:54','2018-02-20 10:22:49'),(88,'كبير في ستينيّات هذا القرن مع إصدار','انتشر-يشسبشكل-كبير-في-ستينيات-هذا-القرن-مع-إصداريي','انتشر بشكل كبير في ستينيّات هذا القرن مع إصدار',NULL,21,0,1,1,'album','ar','0','2018-02-20 10:23:15','2018-02-20 12:03:21','2018-02-20 10:22:49'),(89,'كتيّب بمثابة دليل أو مرجع شكلي لهذه','لتكون-كتيصصصبس-بمييييثابة-دليل-أو-مرجع-شكلي-لهذه-الأحرف','لتكوّن كتيّب بمثابة دليل أو مرجع شكلي لهذه الأحرف','<div open=\"\" sans=\"\" style=\"margin: 0px 28.7969px 0px 14.3906px; padding: 0px; width: 436.797px; text-align: right; float: right; color: rgb(0, 0, 0); font-family: \">\r\n<p dir=\"rtl\" style=\"margin: 0px 0px 15px; padding: 0px; text-align: justify;\">لوريم إيبسوم(Lorem Ipsum) هو ببساطة نص شكلي (بمعنى أن الغاية هي الشكل وليس المحتوى) ويُستخدم في صناعات المطابع ودور النشر. كان لوريم إيبسوم ولايزال المعيار للنص الشكلي منذ القرن الخامس عشر عندما قامت مطبعة مجهولة برص مجموعة من الأحرف بشكل عشوائي أخذتها من نص، لتكوّن كتيّب بمثابة دليل أو مرجع شكلي لهذه الأحرف. خمسة قرون من الزمن لم تقضي على هذا النص، بل انه حتى صار مستخدماً وبشكله الأصلي في الطباعة والتنضيد الإلكتروني. انتشر بشكل كبير في ستينيّات هذا القرن مع إصدار رقائق &quot;ليتراسيت&quot; (Letraset) البلاستيكية تحوي مقاطع من هذا النص، وعاد لينتشر مرة أخرى مؤخراَ مع ظهور برامج النشر الإلكتروني مثل &quot;ألدوس بايج مايكر&quot; (Aldus PageMaker) والتي حوت أيضاً على نسخ من نص لوريم إيبسوم.</p>\r\n</div>\r\n\r\n<p>&nbsp;</p>',18,0,1,1,'album','ar','0','2018-02-19 21:23:08','2018-02-20 12:05:17','2018-02-19 21:19:56'),(90,'خسائر اللازمة ومطالبة حدة بل. الآخر الحلفاء أن غزو, إجلاء وتنامت عدد مع. لقهر معركة لبلجيكا، بـ انه','خسائر-اللازمة-ومطالبة-حدة-بل-الآخر-الحلفاء-أن-غزو-إجلاء-وتنامت-عدد-مع-لقهر-معركة-لبلجيكا-بـ-انه','خسائر اللازمة ومطالبة حدة بل. الآخر الحلفاء أن غزو, إجلاء وتنامت عدد مع. لقهر معركة لبلجيكا، بـ انه','<p><span style=\"color: rgb(66, 66, 66); font-family: tahoma, sans-serif; font-size: 14px;\">خسائر اللازمة ومطالبة حدة بل. الآخر الحلفاء أن غزو, إجلاء وتنامت عدد مع. لقهر معركة لبلجيكا، بـ انه</span></p>',13,30,1,1,'video','ar','0','2018-02-22 09:39:27','2018-02-22 09:45:43','2018-02-22 09:39:01'),(91,'ربع الأثنان المقيتة في, اقتصّت المحور حدة و','خسائر-اللازمة-ومطالبة-حدة-بل-الآخر-الحلفاء-أن-غزوd-إجلاء-وتنامت-عدد-مع-لقهر-معركة-لبلجيكا-بـ-انه','ربع الأثنان المقيتة في, اقتصّت المحور حدة و','<p><span style=\"color: rgb(66, 66, 66); font-family: tahoma, sans-serif; font-size: 14px;\">خسائر اللازمة ومطالبة حدة بل. الآخر الحلفاء أن غزو, إجلاء وتنامت عدد مع. لقهر معركة لبلجيكا، بـ انه</span></p>',11,30,1,1,'video','ar','3','2018-02-22 09:39:27','2018-02-27 19:10:05','2018-02-22 09:39:01'),(92,'هذه ما طرفاً عالمية استسلام, الصين وتنامت حين ٣٠, ونتج والحزب المذابح كل جوي. أسر كارثة المشتّتون بل, وبعض وبداية الصفحة غزو قد, أي بحث تعداد الجنوب.','خسائر-اللازمة-ومطالبة-حدة-بل-الآخر-الحلفاء-أن-غزوd-إجلاء-وتنامت-عدد-مdع-لقهر-معركة-لبلجيكا-بـ-انه','هذه ما طرفاً عالمية استسلام, الصين وتنامت حين ٣٠, ونتج والحزب المذابح كل جوي. أسر كارثة المشتّتون بل, وبعض وبداية الصفحة غزو قد, أي بحث تعداد الجنوب.','<p><span style=\"color: rgb(66, 66, 66); font-family: tahoma, sans-serif; font-size: 14px;\">خسائر اللازمة ومطالبة حدة بل. الآخر الحلفاء أن غزو, إجلاء وتنامت عدد مع. لقهر معركة لبلجيكا، بـ انه</span></p>',3,30,1,1,'video','ar','1','2018-02-22 09:39:27','2018-03-01 12:45:07','2018-02-22 09:39:01'),(93,'قصف المسرح واستمر الإتحاد في, ذات أسيا للغزو،','خسائر-اللازمة-ومطالبة-حدة-بل-الآخر-الحلفاء-أن-غزوdd-إجلاء-وتنامت-عدد-مdع-لقهر-معركة-لبلجيكا-بـ-انه','قصف المسرح واستمر الإتحاد في, ذات أسيا للغزو،','<p><span style=\"color: rgb(66, 66, 66); font-family: tahoma, sans-serif; font-size: 14px;\">خسائر اللازمة ومطالبة حدة بل. الآخر الحلفاء أن غزو, إجلاء وتنامت عدد مع. لقهر معركة لبلجيكا، بـ انه</span></p>',9,30,1,1,'video','ar','0','2018-02-22 09:39:27','2018-02-22 09:46:19','2018-02-22 09:39:01'),(94,'الخطّة و, الآخر لألمانيا جهة بل. في سحقت هيروشيما ال','خسائر-اللازمة-ومطالبsdة-حدة-بل-الآخر-الحلفاء-أن-غزوd-إجلاء-وتنامت-عدد-مع-لقهر-معركة-لبلجيكا-بـ-انه','الخطّة و, الآخر لألمانيا جهة بل. في سحقت هيروشيما ال','<p><span style=\"color: rgb(66, 66, 66); font-family: tahoma, sans-serif; font-size: 14px;\">خسائر اللازمة ومطالبة حدة بل. الآخر الحلفاء أن غزو, إجلاء وتنامت عدد مع. لقهر الخطّة و, الآخر لألمانيا جهة بل. في سحقت هيروشيما المعركة لبلجيكا، بـ انه</span></p>',26,30,1,1,'video','ar','0','2018-02-22 09:39:27','2018-02-22 11:16:11','2018-02-13 09:39:01'),(95,'كما أن وقام وبدأت, لم أدوات للمجهود بلا','خسائر-اللازمة-ومطاdsadasلبة-حدة-بل-الآخر-الحلفاء-أن-غزو-إجلاء-وتنامت-عدد-مع-لقهر-معركة-لبلجيكا-بـ-انه','كما أن وقام وبدأت, لم أدوات للمجهود بلا','<p><span style=\"color: rgb(66, 66, 66); font-family: tahoma, sans-serif; font-size: 14px;\">خسائر اللازمة ومطالبة حدة بل. الآخر الحلفاء أن غزو, إجلاء وتنامت عدد مع. لقهر معركة لبلجيكا، بـ انه</span></p>',12,30,1,1,'video','ar','0','2018-02-22 09:39:27','2018-02-22 11:16:00','2018-02-02 09:39:01'),(103,'. إذ لها الأول الستار, تحت وصغار مدينة','خسائر-اللازمة-ومطاdsadasلبة-حدة-بل-الآخر-الحلفاadsء-أن-غزو-إجلاء-وتنامت-عدد-مع-لقهر-معركة-لبلجيكا-بـ-انه','. إذ لها الأول الستار, تحت وصغار مدينة','<p><span style=\"color: rgb(66, 66, 66); font-family: tahoma, sans-serif; font-size: 14px;\">خسائر اللازمة ومطالبة حدة بل. الآخر الحلفاء أن غزو, إجلاء وتنامت عدد مع. لقهر معركة لبلجيكا، بـ انه</span></p>',12,30,1,1,'video','ar','0','2018-02-22 09:39:27','2018-02-22 11:15:51','2018-01-31 09:39:01'),(104,'الخطّة و, الآخر لألمانيا جهة بل. في سحقت هيروشيما ال','خسائر-اللازمة-ومطالبsdة-حدة-بل-الآخر-الحلفاء-أن-غزوd-إجلاء-وتنامت-عدد-مع-لقهر-معركة-لبلجيكا-بـ-انهd','الخطّة و, الآخر لألمانيا جهة بل. في سحقت هيروشيما ال','<p><span style=\"color: rgb(66, 66, 66); font-family: tahoma, sans-serif; font-size: 14px;\">خسائر اللازمة ومطالبة حدة بل. الآخر الحلفاء أن غزو, إجلاء وتنامت عدد مع. لقهر الخطّة و, الآخر لألمانيا جهة بل. في سحقت هيروشيما المعركة لبلجيكا، بـ انه</span></p>',26,30,1,1,'video','ar','0','2018-02-22 09:39:27','2018-02-22 11:15:43','2018-02-01 09:39:01'),(105,'ل. أي بحشد ليرتفع الساحلية أما, ليركز الهادي للأسطول','خسائر-اللازمةdasd-ومطالبة-حدة-بل-الآخر-الحلفاء-أن-غزوdd-إجلاء-وتنامت-عدد-مdع-لقهر-معركة-لبلجيكا-بـ-انه','ل. أي بحشد ليرتفع الساحلية أما, ليركز الهادي للأسطول','<p><span style=\"color: rgb(66, 66, 66); font-family: tahoma, sans-serif; font-size: 14px;\">خسائر اللازمة ومطالبة حدة بل. الآخر الحلفاء أن غزو, إجلاء وتنامت عدد مع. لقهر معركة لبلجيكا، بـ انه</span></p>',9,30,1,1,'video','ar','0','2018-02-22 09:39:27','2018-02-22 11:15:36','2018-02-17 09:39:01'),(106,'ما هذا, أسابيع الروسية وتم عن. وفي مع شدّت فكان ','خسائر-اللازمة-ومطالبة-حدة-بل-الآخر-الحلفاء-أن-غزوd-إجلاء-dasوتنامت-عdasdasدد-مdع-لقهر-معركة-لبلجيكا-بـ-انه','ما هذا, أسابيع الروسية وتم عن. وفي مع شدّت فكان ','<p><span style=\"color: rgb(66, 66, 66); font-family: tahoma, sans-serif; font-size: 14px;\">خسائر اللازمة ومطالبة حدة بل. الآخر الحلفاء أن غزو, إجلاء وتنامت عدد مع. لقهر معركة لبلجيكا، بـ انه</span></p>',3,30,1,1,'video','ar','0','2018-02-21 09:39:27','2018-02-22 09:46:06','2018-02-21 09:39:01'),(107,'أدوات. سمّي تعداد ونستون هذا ما. ب','خسائر-اللازمة-ومطالبة-حدة-بل-الآخر-الحلفاء-أن-غزوd-إجلاء-وتنامت-عددdsa-مع-لقهر-معركة-لبلجيكا-بـ-انه','أدوات. سمّي تعداد ونستون هذا ما. ب','<p><span style=\"color: rgb(66, 66, 66); font-family: tahoma, sans-serif; font-size: 14px;\">خسائر اللازمة ومطالبة حدة بل. الآخر الحلفاء أن غزو, إجلاء وتنامت عدد مع. لقهر معركة لبلجيكا، بـ انه</span></p>',11,30,1,1,'video','ar','0','2018-02-22 09:39:27','2018-02-22 11:15:27','2018-02-07 09:39:01'),(108,'بـ الخاصّة هيروشيما, وربع جندي الشهير الساحل.','خسائر-اللازمة-ومdasdasطالبة-حدة-بل-الآخر-الحلفاء-أن-غزو-إجلاء-وتنامت-عدد-مع-لقهر-معركة-لبلجيكا-بـ-انه','بـ الخاصّة هيروشيما, وربع جندي الشهير الساحل.','<p><span style=\"color: rgb(66, 66, 66); font-family: tahoma, sans-serif; font-size: 14px;\">خسائر اللازمة ومطالبة حدة بل. الآخر الحلفاء أن غزو, إجلاء وتنامت عدد مع. لقهر معركة لبلجيكا، بـ انه</span></p>',13,30,1,1,'video','ar','0','2018-02-22 09:39:27','2018-02-22 11:15:18','2018-02-20 09:39:01'),(109,' بـ الخاصّة , وربع جندي الشهير الساحل.','لتكون-كتيصصصبس-بمييييثdasdasابة-دليل-أو-مرجع-شكلي-لهذه-الأحرف',' بـ الخاصّة هيروشيما, وربع جندي الشهير الساحل.','<div open=\"\" sans=\"\" style=\"margin: 0px 28.7969px 0px 14.3906px; padding: 0px; width: 436.797px; text-align: right; float: right; color: rgb(0, 0, 0); font-family: \">\r\n<p dir=\"rtl\" style=\"margin: 0px 0px 15px; padding: 0px; text-align: justify;\">لوريم إيبسوم(Lorem Ipsum) هو ببساطة نص شكلي (بمعنى أن الغاية هي الشكل وليس المحتوى) ويُستخدم في صناعات المطابع ودور النشر. كان لوريم إيبسوم ولايزال المعيار للنص الشكلي منذ القرن الخامس عشر عندما قامت مطبعة مجهولة برص مجموعة من الأحرف بشكل عشوائي أخذتها من نص، لتكوّن كتيّب بمثابة دليل أو مرجع شكلي لهذه الأحرف. خمسة قرون من الزمن لم تقضي على هذا النص، بل انه حتى صار مستخدماً وبشكله الأصلي في الطباعة والتنضيد الإلكتروني. انتشر بشكل كبير في ستينيّات هذا القرن مع إصدار رقائق &quot;ليتراسيت&quot; (Letraset) البلاستيكية تحوي مقاطع من هذا النص، وعاد لينتشر مرة أخرى مؤخراَ مع ظهور برامج النشر الإلكتروني مثل &quot;ألدوس بايج مايكر&quot; (Aldus PageMaker) والتي حوت أيضاً على نسخ من نص لوريم إيبسوم.</p>\r\n</div>\r\n\r\n<p>&nbsp;</p>',18,0,1,1,'album','ar','0','2018-02-19 21:23:08','2018-02-20 12:05:17','2018-02-19 21:19:56'),(110,'يكن لعدم الثانية عل','لتكوdsن-كتيصصصبس-بمييييثdasdasابة-دليل-أو-مرجع-شكلي-لهذه-الأحرف','يكن لعدم الثانية عل','<div open=\"\" sans=\"\" style=\"margin: 0px 28.7969px 0px 14.3906px; padding: 0px; width: 436.797px; text-align: right; float: right; color: rgb(0, 0, 0); font-family: \">\r\n<p dir=\"rtl\" style=\"margin: 0px 0px 15px; padding: 0px; text-align: justify;\">لوريم إيبسوم(Lorem Ipsum) هو ببساطة نص شكلي (بمعنى أن الغاية هي الشكل وليس المحتوى) ويُستخدم في صناعات المطابع ودور النشر. كان لوريم إيبسوم ولايزال المعيار للنص الشكلي منذ القرن الخامس عشر عندما قامت مطبعة مجهولة برص مجموعة من الأحرف بشكل عشوائي أخذتها من نص، لتكوّن كتيّب بمثابة دليل أو مرجع شكلي لهذه الأحرف. خمسة قرون من الزمن لم تقضي على هذا النص، بل انه حتى صار مستخدماً وبشكله الأصلي في الطباعة والتنضيد الإلكتروني. انتشر بشكل كبير في ستينيّات هذا القرن مع إصدار رقائق &quot;ليتراسيت&quot; (Letraset) البلاستيكية تحوي مقاطع من هذا النص، وعاد لينتشر مرة أخرى مؤخراَ مع ظهور برامج النشر الإلكتروني مثل &quot;ألدوس بايج مايكر&quot; (Aldus PageMaker) والتي حوت أيضاً على نسخ من نص لوريم إيبسوم.</p>\r\n</div>\r\n\r\n<p>&nbsp;</p>',18,0,1,1,'album','ar','0','2018-02-19 21:23:08','2018-02-20 12:05:17','2018-02-19 21:19:56'),(111,'جديداً الخاطفة منشوريا بها تم, ','جديداً الخاطفة منشوريا بها تم, ','بـ الخاصّة هيروشيما, وربع جندي الشهير الساحل.das','<p><span style=\"color: rgb(66, 66, 66); font-family: tahoma, sans-serif; font-size: 14px;\">خسائر اللازمة ومطالبة حدة بل. الآخر الحلفاء أن غزو, إجلاء وتنامت عدد مع. لقهر معركة لبلجيكا، بـ انه</span></p>',13,30,1,1,'video','ar','0','2018-02-22 09:39:27','2018-02-22 11:15:18','2018-02-20 09:39:01'),(112,', إذ جهة الأمم الجنوب. أي أما الحربية المعارك, قد وعلى الحربي، الأولية جعل.','خسائر-اللازمة-ومطالبة-حدة-بل-الآخر-dsالحلفاء-أن-غزوd-إجلاء-وتنامت-عددdsa-مع-لقهر-معركة-لبلجيكا-بـ-انه',', إذ جهة الأمم الجنوب. أي أما الحربية المعارك, قد وعلى الحربي، الأولية جعل.','<p><span style=\"color: rgb(66, 66, 66); font-family: tahoma, sans-serif; font-size: 14px;\">خسائر اللازمة ومطالبة حدة بل. الآخر الحلفاء أن غزو, إجلاء وتنامت عدد مع. لقهر معركة لبلجيكا، بـ انه</span></p>',11,30,1,1,'video','ar','0','2018-02-22 09:39:27','2018-02-22 11:15:27','2018-02-07 09:39:01'),(113,',  أي أما الحربية المعارك, قد وعلى الحربي، الأولية جعل.',',  أي أما الحربية المعارك, قد وعلى الحربي، الأولية جعل.',',  أي أما الحربية المعارك, قد وعلى الحربي، الأولية جعل.','<p><span style=\"color: rgb(66, 66, 66); font-family: tahoma, sans-serif; font-size: 14px;\">خسائر اللازمة ومطالبة حدة بل. الآخر الحلفاء أن غزو, إجلاء وتنامت عدد مع. لقهر معركة لبلجيكا، بـ انه</span></p>',3,30,1,1,'video','ar','0','2018-02-21 09:39:27','2018-02-22 09:46:06','2018-02-21 09:39:01'),(114,'لالساحلية أما, ليركز الهادي للأسطول','خسائر-اللازمةdasd-ومطالبة-حدة-بل-الآخر-الحلفاء-أن-غزوdd-إجلاء-وfsdتنامت-عدد-مdع-لقهر-معركة-لبلجيكا-بـ-انه','ل الساحلية أما, ليركز الهادي للأسطول','<p><span style=\"color: rgb(66, 66, 66); font-family: tahoma, sans-serif; font-size: 14px;\">خسائر اللازمة ومطالبة حدة بل. الآخر الحلفاء أن غزو, إجلاء وتنامت عدد مع. لقهر معركة لبلجيكا، بـ انه</span></p>',9,30,1,1,'video','ar','0','2018-02-22 09:39:27','2018-02-22 11:15:36','2018-02-17 09:39:01'),(115,'اجهة بل. في سحقت هيروشيما ال','خسائfsdر-اللازمة-ومطالبsdة-حدة-بل-الآخر-الحلفاء-أن-غزوd-إجلاء-وتنامت-عدد-مع-لقهر-معركة-لبلجيكا-بـ-انهd','الخطّة و, الآخر لألمانيا جهة بل. في سحقت هيروشيما ال','<p><span style=\"color: rgb(66, 66, 66); font-family: tahoma, sans-serif; font-size: 14px;\">خسائر اللازمة ومطالبة حدة بل. الآخر الحلفاء أن غزو, إجلاء وتنامت عدد مع. لقهر الخطّة و, الآخر لألمانيا جهة بل. في سحقت هيروشيما المعركة لبلجيكا، بـ انه</span></p>',26,30,1,1,'video','ar','0','2018-02-22 09:39:27','2018-02-22 11:15:43','2018-02-01 09:39:01');
/*!40000 ALTER TABLE `posts` ENABLE KEYS */;
UNLOCK TABLES;

--
-- Table structure for table `posts_blocks`
--

DROP TABLE IF EXISTS `posts_blocks`;
/*!40101 SET @saved_cs_client     = @@character_set_client */;
/*!40101 SET character_set_client = utf8 */;
CREATE TABLE `posts_blocks` (
  `post_id` int(11) NOT NULL,
  `block_id` int(11) NOT NULL,
  `order` int(11) NOT NULL,
  `lang` varchar(255) COLLATE utf8mb4_unicode_ci NOT NULL,
  KEY `posts_blocks_post_id_index` (`post_id`),
  KEY `posts_blocks_block_id_index` (`block_id`),
  KEY `posts_blocks_order_index` (`order`),
  KEY `posts_blocks_lang_index` (`lang`)
) ENGINE=InnoDB DEFAULT CHARSET=utf8mb4 COLLATE=utf8mb4_unicode_ci;
/*!40101 SET character_set_client = @saved_cs_client */;

--
-- Dumping data for table `posts_blocks`
--

LOCK TABLES `posts_blocks` WRITE;
/*!40000 ALTER TABLE `posts_blocks` DISABLE KEYS */;
INSERT INTO `posts_blocks` VALUES (82,8,0,'ar'),(46,8,1,'ar'),(49,8,2,'ar'),(85,7,0,'ar'),(82,7,1,'ar'),(46,7,2,'ar'),(88,7,3,'ar'),(49,7,4,'ar'),(48,7,5,'ar'),(47,7,6,'ar'),(44,7,7,'ar'),(39,7,8,'ar'),(35,7,9,'ar'),(1,7,10,'ar'),(9,7,11,'ar'),(11,7,12,'ar'),(4,7,13,'ar'),(3,7,14,'ar'),(93,6,0,'ar'),(91,6,1,'ar'),(90,6,2,'ar'),(89,6,3,'ar'),(85,6,4,'ar'),(82,6,5,'ar'),(46,6,6,'ar'),(88,6,7,'ar'),(84,6,8,'ar'),(49,6,9,'ar'),(48,6,10,'ar'),(44,6,11,'ar'),(41,6,12,'ar'),(40,6,13,'ar'),(39,6,14,'ar'),(95,3,1,'ar'),(94,3,2,'ar'),(93,3,3,'ar'),(91,3,4,'ar'),(90,3,5,'ar'),(89,3,6,'ar'),(86,3,7,'ar'),(85,3,8,'ar'),(82,3,9,'ar'),(46,3,10,'ar'),(88,3,11,'ar'),(87,3,12,'ar'),(84,3,13,'ar'),(83,3,14,'ar'),(49,3,15,'ar'),(45,3,16,'ar'),(48,3,17,'ar'),(44,3,18,'ar'),(43,3,19,'ar'),(42,3,20,'ar'),(41,3,21,'ar'),(40,3,22,'ar'),(28,3,23,'ar'),(39,3,24,'ar'),(35,3,25,'ar'),(34,3,26,'ar'),(33,3,27,'ar'),(32,3,28,'ar'),(30,3,29,'ar'),(29,3,30,'ar'),(27,3,31,'ar'),(26,3,32,'ar'),(21,3,33,'ar'),(17,3,34,'ar'),(13,3,35,'ar'),(18,3,36,'ar'),(14,3,37,'ar'),(19,3,38,'ar'),(20,3,39,'ar'),(1,3,40,'ar'),(9,3,41,'ar'),(10,3,42,'ar'),(11,3,43,'ar'),(12,3,44,'ar'),(4,3,45,'ar'),(3,3,46,'ar'),(2,3,47,'ar'),(94,5,1,'ar'),(93,5,2,'ar'),(91,5,3,'ar'),(90,5,4,'ar'),(89,5,5,'ar'),(86,5,6,'ar'),(85,5,7,'ar'),(82,5,8,'ar'),(46,5,9,'ar'),(88,5,10,'ar'),(87,5,11,'ar'),(84,5,12,'ar'),(83,5,13,'ar'),(49,5,14,'ar'),(30,1,0,'ar'),(29,1,1,'ar'),(27,1,2,'ar'),(26,1,3,'ar'),(21,1,4,'ar'),(40,1,5,'ar'),(41,1,6,'ar'),(92,1,7,'ar'),(32,1,8,'ar'),(95,1,9,'ar'),(94,1,10,'ar'),(93,1,11,'ar'),(91,1,12,'ar'),(90,1,13,'ar'),(89,1,14,'ar'),(30,2,0,'ar'),(29,2,1,'ar'),(27,2,2,'ar'),(26,2,3,'ar'),(21,2,4,'ar'),(40,2,5,'ar'),(41,2,6,'ar'),(95,2,7,'ar'),(94,2,8,'ar'),(93,2,9,'ar'),(91,2,10,'ar'),(90,2,11,'ar'),(89,2,12,'ar'),(86,2,13,'ar'),(85,2,14,'ar'),(29,5,0,'ar'),(41,5,1,'ar'),(40,5,2,'ar'),(94,5,10,'ar'),(93,5,4,'ar'),(21,5,5,'ar'),(91,5,6,'ar'),(90,5,7,'ar'),(89,5,12,'ar'),(86,5,9,'ar'),(85,5,11,'ar'),(82,5,13,'ar'),(46,5,14,'ar'),(16,1,0,'ar'),(30,1,1,'ar'),(29,1,2,'ar'),(27,1,3,'ar'),(26,1,4,'ar'),(21,1,5,'ar'),(40,1,6,'ar'),(41,1,7,'ar'),(92,1,8,'ar'),(32,1,9,'ar'),(95,1,10,'ar'),(94,1,11,'ar'),(93,1,12,'ar'),(91,1,13,'ar'),(90,1,14,'ar'),(16,2,0,'ar'),(30,2,1,'ar'),(29,2,2,'ar'),(27,2,3,'ar'),(26,2,4,'ar'),(21,2,5,'ar'),(40,2,6,'ar'),(41,2,7,'ar'),(95,2,8,'ar'),(94,2,9,'ar'),(93,2,10,'ar'),(91,2,11,'ar'),(90,2,12,'ar'),(89,2,13,'ar'),(86,2,14,'ar'),(33,4,0,'ar'),(32,4,1,'ar'),(27,4,2,'ar'),(40,4,3,'ar'),(41,4,4,'ar'),(26,4,5,'ar'),(95,4,6,'ar'),(94,4,7,'ar'),(30,4,8,'ar'),(91,4,9,'ar'),(34,4,10,'ar'),(90,4,11,'ar'),(89,4,12,'ar'),(92,4,13,'ar'),(86,4,14,'ar'),(29,9,0,'ar'),(27,9,1,'ar'),(26,9,2,'ar');
/*!40000 ALTER TABLE `posts_blocks` ENABLE KEYS */;
UNLOCK TABLES;

--
-- Table structure for table `posts_categories`
--

DROP TABLE IF EXISTS `posts_categories`;
/*!40101 SET @saved_cs_client     = @@character_set_client */;
/*!40101 SET character_set_client = utf8 */;
CREATE TABLE `posts_categories` (
  `post_id` int(11) NOT NULL,
  `category_id` int(11) NOT NULL,
  KEY `posts_categories_post_id_index` (`post_id`),
  KEY `posts_categories_category_id_index` (`category_id`)
) ENGINE=InnoDB DEFAULT CHARSET=utf8mb4 COLLATE=utf8mb4_unicode_ci;
/*!40101 SET character_set_client = @saved_cs_client */;

--
-- Dumping data for table `posts_categories`
--

LOCK TABLES `posts_categories` WRITE;
/*!40000 ALTER TABLE `posts_categories` DISABLE KEYS */;
INSERT INTO `posts_categories` VALUES (1,2),(2,2),(3,2),(4,2),(12,2),(11,2),(10,2),(9,2),(16,2),(20,2),(15,2),(19,2),(14,2),(18,2),(13,2),(17,2),(21,2),(26,2),(27,2),(29,2),(30,2),(32,2),(33,2),(34,2),(35,2),(39,2),(31,2),(28,2),(40,2),(41,2);
/*!40000 ALTER TABLE `posts_categories` ENABLE KEYS */;
UNLOCK TABLES;

--
-- Table structure for table `posts_galleries`
--

DROP TABLE IF EXISTS `posts_galleries`;
/*!40101 SET @saved_cs_client     = @@character_set_client */;
/*!40101 SET character_set_client = utf8 */;
CREATE TABLE `posts_galleries` (
  `post_id` int(11) NOT NULL,
  `gallery_id` int(11) NOT NULL,
  KEY `posts_galleries_post_id_index` (`post_id`),
  KEY `posts_galleries_gallery_id_index` (`gallery_id`)
) ENGINE=InnoDB DEFAULT CHARSET=utf8mb4 COLLATE=utf8mb4_unicode_ci;
/*!40101 SET character_set_client = @saved_cs_client */;

--
-- Dumping data for table `posts_galleries`
--

LOCK TABLES `posts_galleries` WRITE;
/*!40000 ALTER TABLE `posts_galleries` DISABLE KEYS */;
INSERT INTO `posts_galleries` VALUES (42,12),(43,11),(44,11),(47,2),(48,6),(45,1),(49,9),(83,9),(84,5),(87,7),(88,6),(46,7),(82,6),(85,7),(86,9),(89,6);
/*!40000 ALTER TABLE `posts_galleries` ENABLE KEYS */;
UNLOCK TABLES;

--
-- Table structure for table `posts_meta`
--

DROP TABLE IF EXISTS `posts_meta`;
/*!40101 SET @saved_cs_client     = @@character_set_client */;
/*!40101 SET character_set_client = utf8 */;
CREATE TABLE `posts_meta` (
  `post_id` int(11) NOT NULL,
  `name` varchar(255) COLLATE utf8mb4_unicode_ci NOT NULL,
  `value` text COLLATE utf8mb4_unicode_ci NOT NULL,
  KEY `posts_meta_post_id_index` (`post_id`),
  KEY `posts_meta_name_index` (`name`)
) ENGINE=InnoDB DEFAULT CHARSET=utf8mb4 COLLATE=utf8mb4_unicode_ci;
/*!40101 SET character_set_client = @saved_cs_client */;

--
-- Dumping data for table `posts_meta`
--

LOCK TABLES `posts_meta` WRITE;
/*!40000 ALTER TABLE `posts_meta` DISABLE KEYS */;
/*!40000 ALTER TABLE `posts_meta` ENABLE KEYS */;
UNLOCK TABLES;

--
-- Table structure for table `posts_tags`
--

DROP TABLE IF EXISTS `posts_tags`;
/*!40101 SET @saved_cs_client     = @@character_set_client */;
/*!40101 SET character_set_client = utf8 */;
CREATE TABLE `posts_tags` (
  `post_id` int(11) NOT NULL,
  `tag_id` int(11) NOT NULL,
  KEY `posts_tags_post_id_index` (`post_id`),
  KEY `posts_tags_tag_id_index` (`tag_id`)
) ENGINE=InnoDB DEFAULT CHARSET=utf8mb4 COLLATE=utf8mb4_unicode_ci;
/*!40101 SET character_set_client = @saved_cs_client */;

--
-- Dumping data for table `posts_tags`
--

LOCK TABLES `posts_tags` WRITE;
/*!40000 ALTER TABLE `posts_tags` DISABLE KEYS */;
INSERT INTO `posts_tags` VALUES (1,3),(1,4),(4,5),(4,6),(12,7),(11,8),(10,9),(10,10),(9,11),(9,12),(3,13),(3,14),(20,15),(20,16),(21,17),(21,18),(21,19),(26,20),(26,21);
/*!40000 ALTER TABLE `posts_tags` ENABLE KEYS */;
UNLOCK TABLES;

--
-- Table structure for table `related_posts`
--

DROP TABLE IF EXISTS `related_posts`;
/*!40101 SET @saved_cs_client     = @@character_set_client */;
/*!40101 SET character_set_client = utf8 */;
CREATE TABLE `related_posts` (
  `post_id` int(11) NOT NULL,
  `related_post_id` varchar(255) COLLATE utf8mb4_unicode_ci NOT NULL,
  KEY `related_posts_post_id_index` (`post_id`),
  KEY `related_posts_related_post_id_index` (`related_post_id`)
) ENGINE=InnoDB DEFAULT CHARSET=utf8mb4 COLLATE=utf8mb4_unicode_ci;
/*!40101 SET character_set_client = @saved_cs_client */;

--
-- Dumping data for table `related_posts`
--

LOCK TABLES `related_posts` WRITE;
/*!40000 ALTER TABLE `related_posts` DISABLE KEYS */;
INSERT INTO `related_posts` VALUES (1,'1'),(12,'2'),(12,'12'),(12,'11'),(11,'3'),(11,'4'),(11,'2'),(10,'3'),(10,'2'),(9,'3'),(9,'1'),(1,'12'),(1,'2'),(1,'11'),(3,'12'),(3,'10'),(3,'9'),(16,'12'),(16,'3'),(16,'14'),(20,'12'),(20,'15'),(20,'20'),(15,'12'),(15,'4'),(15,'20'),(19,'12'),(19,'11'),(19,'13'),(14,'16'),(14,'3'),(18,'20'),(18,'9'),(18,'16'),(13,'16'),(13,'3'),(13,'12'),(17,'20'),(17,'2'),(17,'12'),(4,'12'),(4,'3'),(4,'11'),(11,'16'),(21,'12'),(21,'3'),(21,'2'),(26,'27'),(26,'12'),(26,'4'),(27,'26'),(27,'12'),(27,'27'),(29,'29'),(29,'26'),(29,'2'),(30,'26'),(30,'29'),(32,'29'),(32,'27'),(32,'16'),(33,'27'),(33,'39'),(33,'15'),(31,'27'),(31,'26'),(31,'20'),(28,'26'),(28,'29'),(28,'32'),(41,'26'),(41,'21'),(41,'11'),(2,'21'),(2,'27'),(2,'16');
/*!40000 ALTER TABLE `related_posts` ENABLE KEYS */;
UNLOCK TABLES;

--
-- Table structure for table `roles`
--

DROP TABLE IF EXISTS `roles`;
/*!40101 SET @saved_cs_client     = @@character_set_client */;
/*!40101 SET character_set_client = utf8 */;
CREATE TABLE `roles` (
  `id` int(10) unsigned NOT NULL AUTO_INCREMENT,
  `name` varchar(255) COLLATE utf8mb4_unicode_ci NOT NULL,
  PRIMARY KEY (`id`),
  UNIQUE KEY `roles_name_unique` (`name`)
) ENGINE=InnoDB AUTO_INCREMENT=3 DEFAULT CHARSET=utf8mb4 COLLATE=utf8mb4_unicode_ci;
/*!40101 SET character_set_client = @saved_cs_client */;

--
-- Dumping data for table `roles`
--

LOCK TABLES `roles` WRITE;
/*!40000 ALTER TABLE `roles` DISABLE KEYS */;
INSERT INTO `roles` VALUES (2,'editor'),(1,'superadmin');
/*!40000 ALTER TABLE `roles` ENABLE KEYS */;
UNLOCK TABLES;

--
-- Table structure for table `roles_permissions`
--

DROP TABLE IF EXISTS `roles_permissions`;
/*!40101 SET @saved_cs_client     = @@character_set_client */;
/*!40101 SET character_set_client = utf8 */;
CREATE TABLE `roles_permissions` (
  `role_id` int(11) NOT NULL,
  `permission` varchar(255) COLLATE utf8mb4_unicode_ci NOT NULL,
  KEY `roles_permissions_role_id_index` (`role_id`),
  KEY `roles_permissions_permission_index` (`permission`)
) ENGINE=InnoDB DEFAULT CHARSET=utf8mb4 COLLATE=utf8mb4_unicode_ci;
/*!40101 SET character_set_client = @saved_cs_client */;

--
-- Dumping data for table `roles_permissions`
--

LOCK TABLES `roles_permissions` WRITE;
/*!40000 ALTER TABLE `roles_permissions` DISABLE KEYS */;
INSERT INTO `roles_permissions` VALUES (2,'options.manage'),(2,'galleries.manage'),(2,'posts.manage');
/*!40000 ALTER TABLE `roles_permissions` ENABLE KEYS */;
UNLOCK TABLES;

--
-- Table structure for table `seo`
--

DROP TABLE IF EXISTS `seo`;
/*!40101 SET @saved_cs_client     = @@character_set_client */;
/*!40101 SET character_set_client = utf8 */;
CREATE TABLE `seo` (
  `type` int(11) NOT NULL,
  `post_id` int(11) NOT NULL,
  `meta_title` varchar(255) COLLATE utf8mb4_unicode_ci DEFAULT NULL COMMENT '40-70',
  `meta_keywords` varchar(255) COLLATE utf8mb4_unicode_ci DEFAULT NULL,
  `focus_keyword` varchar(255) COLLATE utf8mb4_unicode_ci DEFAULT NULL,
  `meta_description` varchar(255) COLLATE utf8mb4_unicode_ci DEFAULT NULL COMMENT '156',
  `facebook_title` varchar(255) COLLATE utf8mb4_unicode_ci DEFAULT NULL,
  `facebook_description` varchar(255) COLLATE utf8mb4_unicode_ci DEFAULT NULL,
  `facebook_image` varchar(255) COLLATE utf8mb4_unicode_ci DEFAULT NULL,
  `twitter_title` varchar(255) COLLATE utf8mb4_unicode_ci DEFAULT NULL,
  `twitter_description` varchar(255) COLLATE utf8mb4_unicode_ci DEFAULT NULL,
  `twitter_image` varchar(255) COLLATE utf8mb4_unicode_ci DEFAULT NULL,
  `robots_index` tinyint(4) NOT NULL DEFAULT '2',
  `robots_follow` tinyint(4) NOT NULL DEFAULT '1',
  `robots_advanced` varchar(255) COLLATE utf8mb4_unicode_ci DEFAULT NULL,
  `in_sitemap` tinyint(4) NOT NULL DEFAULT '1',
  `sitemap_priority` double(8,2) NOT NULL DEFAULT '0.90',
  `canonical_url` varchar(255) COLLATE utf8mb4_unicode_ci DEFAULT NULL,
  `seo_redirect` varchar(255) COLLATE utf8mb4_unicode_ci DEFAULT NULL,
  `score` char(3) COLLATE utf8mb4_unicode_ci DEFAULT NULL COMMENT 'bad,poor,ok,good'
) ENGINE=InnoDB DEFAULT CHARSET=utf8mb4 COLLATE=utf8mb4_unicode_ci;
/*!40101 SET character_set_client = @saved_cs_client */;

--
-- Dumping data for table `seo`
--

LOCK TABLES `seo` WRITE;
/*!40000 ALTER TABLE `seo` DISABLE KEYS */;
/*!40000 ALTER TABLE `seo` ENABLE KEYS */;
UNLOCK TABLES;

--
-- Table structure for table `tags`
--

DROP TABLE IF EXISTS `tags`;
/*!40101 SET @saved_cs_client     = @@character_set_client */;
/*!40101 SET character_set_client = utf8 */;
CREATE TABLE `tags` (
  `id` int(10) unsigned NOT NULL AUTO_INCREMENT,
  `name` varchar(255) COLLATE utf8mb4_unicode_ci NOT NULL,
  `slug` varchar(255) COLLATE utf8mb4_unicode_ci NOT NULL,
  `created_at` timestamp NULL DEFAULT NULL,
  `updated_at` timestamp NULL DEFAULT NULL,
  PRIMARY KEY (`id`),
  KEY `tags_name_index` (`name`),
  KEY `tags_slug_index` (`slug`),
  KEY `tags_created_at_index` (`created_at`),
  KEY `tags_updated_at_index` (`updated_at`)
) ENGINE=InnoDB AUTO_INCREMENT=22 DEFAULT CHARSET=utf8mb4 COLLATE=utf8mb4_unicode_ci;
/*!40101 SET character_set_client = @saved_cs_client */;

--
-- Dumping data for table `tags`
--

LOCK TABLES `tags` WRITE;
/*!40000 ALTER TABLE `tags` DISABLE KEYS */;
INSERT INTO `tags` VALUES (1,'gemi','gemi','2018-02-15 12:54:16','2018-02-15 12:54:16'),(2,'rosded','rosded','2018-02-15 12:54:16','2018-02-15 12:54:16'),(3,'test','test','2018-02-15 14:41:26','2018-02-15 14:41:26'),(4,'2test','2test','2018-02-15 14:41:26','2018-02-15 14:41:26'),(5,'ماكسهيمي','ماكسهيمي','2018-02-18 11:28:57','2018-02-18 11:28:57'),(6,'ميندايست','ميندايست','2018-02-18 11:28:57','2018-02-18 11:28:57'),(7,'كيوأوس','كيوأوس','2018-02-18 11:29:33','2018-02-18 11:29:33'),(8,'أوككايكاتاي','أوككايكاتاي','2018-02-18 11:30:16','2018-02-18 11:30:16'),(9,'كوممودو','كوممودو','2018-02-18 11:30:57','2018-02-18 11:30:57'),(10,'كايلليوم','كايلليوم','2018-02-18 11:30:57','2018-02-18 11:30:57'),(11,'poi','poi','2018-02-18 11:31:29','2018-02-18 11:31:29'),(12,'التصميم','التصميم','2018-02-18 11:31:29','2018-02-18 11:31:29'),(13,'كيوايديم','كيوايديم','2018-02-18 13:24:24','2018-02-18 13:24:24'),(14,'أوففايكايس','أوففايكايس','2018-02-18 13:24:24','2018-02-18 13:24:24'),(15,'سايبي','سايبي','2018-02-18 17:55:41','2018-02-18 17:55:41'),(16,'فوليوبتاتايبص','فوليوبتاتايبص','2018-02-18 17:55:41','2018-02-18 17:55:41'),(17,'توضع','توضع','2018-02-18 19:01:51','2018-02-18 19:01:51'),(18,'لوريم إيبسوم','لوريم-إيبسوم','2018-02-18 19:01:51','2018-02-18 19:01:51'),(19,'lorem ipsum\"','lorem-ipsum','2018-02-18 19:01:51','2018-02-18 19:01:51'),(20,'السنين','السنين','2018-02-18 19:02:20','2018-02-18 19:02:20'),(21,'الحديثة العهد','الحديثة-العهد','2018-02-18 19:02:20','2018-02-18 19:02:20');
/*!40000 ALTER TABLE `tags` ENABLE KEYS */;
UNLOCK TABLES;

--
-- Table structure for table `users`
--

DROP TABLE IF EXISTS `users`;
/*!40101 SET @saved_cs_client     = @@character_set_client */;
/*!40101 SET character_set_client = utf8 */;
CREATE TABLE `users` (
  `id` int(10) unsigned NOT NULL AUTO_INCREMENT,
  `first_name` varchar(255) COLLATE utf8mb4_unicode_ci NOT NULL,
  `email` varchar(255) COLLATE utf8mb4_unicode_ci NOT NULL,
  `password` varchar(255) COLLATE utf8mb4_unicode_ci NOT NULL,
  `remember_token` varchar(100) COLLATE utf8mb4_unicode_ci DEFAULT NULL,
  `created_at` timestamp NULL DEFAULT NULL,
  `updated_at` timestamp NULL DEFAULT NULL,
  `username` varchar(255) COLLATE utf8mb4_unicode_ci NOT NULL,
  `last_name` varchar(255) COLLATE utf8mb4_unicode_ci DEFAULT NULL,
  `provider` varchar(255) COLLATE utf8mb4_unicode_ci DEFAULT NULL,
  `provider_id` varchar(255) COLLATE utf8mb4_unicode_ci DEFAULT NULL,
  `api_token` varchar(60) COLLATE utf8mb4_unicode_ci DEFAULT NULL,
  `code` varchar(255) COLLATE utf8mb4_unicode_ci DEFAULT NULL,
  `role_id` int(11) NOT NULL DEFAULT '0',
  `last_login` int(11) DEFAULT NULL,
  `status` int(11) NOT NULL DEFAULT '0',
  `backend` int(11) NOT NULL DEFAULT '0',
  `root` int(11) NOT NULL DEFAULT '0',
  `photo_id` int(11) NOT NULL DEFAULT '0',
  `lang` varchar(5) COLLATE utf8mb4_unicode_ci NOT NULL DEFAULT 'en',
  `color` varchar(20) COLLATE utf8mb4_unicode_ci NOT NULL DEFAULT 'blue',
  `about` text COLLATE utf8mb4_unicode_ci,
  `facebook` varchar(255) COLLATE utf8mb4_unicode_ci DEFAULT NULL,
  `twitter` varchar(255) COLLATE utf8mb4_unicode_ci DEFAULT NULL,
  `linked_in` varchar(255) COLLATE utf8mb4_unicode_ci DEFAULT NULL,
  `google_plus` varchar(255) COLLATE utf8mb4_unicode_ci DEFAULT NULL,
  PRIMARY KEY (`id`),
  UNIQUE KEY `users_email_unique` (`email`),
  UNIQUE KEY `users_api_token_unique` (`api_token`),
  KEY `users_first_name_index` (`first_name`),
  KEY `users_created_at_index` (`created_at`),
  KEY `users_updated_at_index` (`updated_at`),
  KEY `users_username_index` (`username`),
  KEY `users_last_name_index` (`last_name`),
  KEY `users_provider_index` (`provider`),
  KEY `users_provider_id_index` (`provider_id`),
  KEY `users_code_index` (`code`),
  KEY `users_role_id_index` (`role_id`),
  KEY `users_last_login_index` (`last_login`),
  KEY `users_status_index` (`status`),
  KEY `users_backend_index` (`backend`),
  KEY `users_root_index` (`root`),
  KEY `users_photo_id_index` (`photo_id`),
  KEY `users_lang_index` (`lang`),
  KEY `users_color_index` (`color`),
  KEY `users_facebook_index` (`facebook`),
  KEY `users_twitter_index` (`twitter`),
  KEY `users_linked_in_index` (`linked_in`),
  KEY `users_google_plus_index` (`google_plus`)
) ENGINE=InnoDB AUTO_INCREMENT=2 DEFAULT CHARSET=utf8mb4 COLLATE=utf8mb4_unicode_ci;
/*!40101 SET character_set_client = @saved_cs_client */;

--
-- Dumping data for table `users`
--

LOCK TABLES `users` WRITE;
/*!40000 ALTER TABLE `users` DISABLE KEYS */;
INSERT INTO `users` VALUES (1,'admin','admin@gmail.com','$2y$10$9smPpQqC3GEeCWbTzHCfwOiMtdb5w06EP81NasVes4bK8OkPRdhUy','QUzwllLTGp3ULgXpdK2iKqpKdllqsZN4lsV8RGLT96Acqx2r5FCVmyAlwMUr','2018-02-13 09:16:58','2018-02-27 16:22:07','admin',NULL,NULL,NULL,'LXxxXPjEzQ1B4g6OZWWJw5CuVDYpN4HQvisRdYj7J81hO9Xt6EaxfPhDqBaI',NULL,1,NULL,1,1,1,0,'ar','blue',NULL,NULL,NULL,NULL,NULL);
/*!40000 ALTER TABLE `users` ENABLE KEYS */;
UNLOCK TABLES;
/*!40103 SET TIME_ZONE=@OLD_TIME_ZONE */;

/*!40101 SET SQL_MODE=@OLD_SQL_MODE */;
/*!40014 SET FOREIGN_KEY_CHECKS=@OLD_FOREIGN_KEY_CHECKS */;
/*!40014 SET UNIQUE_CHECKS=@OLD_UNIQUE_CHECKS */;
/*!40101 SET CHARACTER_SET_CLIENT=@OLD_CHARACTER_SET_CLIENT */;
/*!40101 SET CHARACTER_SET_RESULTS=@OLD_CHARACTER_SET_RESULTS */;
/*!40101 SET COLLATION_CONNECTION=@OLD_COLLATION_CONNECTION */;
/*!40111 SET SQL_NOTES=@OLD_SQL_NOTES */;

-- Dump completed on 2018-03-01 21:00:08
